sample_id,scenario_type,target_parent_asin,candidate_count_turn_1,recommendation_count_turn_1,ask_attribute_turn_1,recommendations_turn_1,target_survives_turn_1,intent_epoch_turn_1,candidate_count_turn_2,recommendation_count_turn_2,ask_attribute_turn_2,recommendations_turn_2,target_survives_turn_2,intent_epoch_turn_2,candidate_count_turn_3,recommendation_count_turn_3,ask_attribute_turn_3,recommendations_turn_3,target_survives_turn_3,intent_epoch_turn_3,candidate_count_turn_4,recommendation_count_turn_4,ask_attribute_turn_4,recommendations_turn_4,target_survives_turn_4,intent_epoch_turn_4,candidate_count_turn_5,recommendation_count_turn_5,ask_attribute_turn_5,recommendations_turn_5,target_survives_turn_5,intent_epoch_turn_5,candidate_count_turn_6,recommendation_count_turn_6,ask_attribute_turn_6,recommendations_turn_6,target_survives_turn_6,intent_epoch_turn_6,candidate_count_turn_7,recommendation_count_turn_7,ask_attribute_turn_7,recommendations_turn_7,target_survives_turn_7,intent_epoch_turn_7,candidate_count_turn_8,recommendation_count_turn_8,ask_attribute_turn_8,recommendations_turn_8,target_survives_turn_8,intent_epoch_turn_8,candidate_count_turn_9,recommendation_count_turn_9,ask_attribute_turn_9,recommendations_turn_9,target_survives_turn_9,intent_epoch_turn_9,candidate_count_turn_10,recommendation_count_turn_10,ask_attribute_turn_10,recommendations_turn_10,target_survives_turn_10,intent_epoch_turn_10,hit,first_hit_turn,best_rank,actually_reached_turn_10,surviving_parent_asins_turn_10,exactly_10_survivors_turn_10,at_most_10_survivors_turn_10
public_0001,buying,B09PYB7B6Z,2,2,,B09PYB7B6Z;B075KXNBNF,True,0,2,2,,B09PYB7B6Z;B075KXNBNF,True,0,2,2,,B09PYB7B6Z;B075KXNBNF,True,0,2,2,,B09PYB7B6Z;B075KXNBNF,True,0,2,2,,B09PYB7B6Z;B075KXNBNF,True,0,2,2,,B09PYB7B6Z;B075KXNBNF,True,0,2,2,,B09PYB7B6Z;B075KXNBNF,True,0,2,2,,B09PYB7B6Z;B075KXNBNF,True,0,2,2,,B09PYB7B6Z;B075KXNBNF,True,0,2,2,,B09PYB7B6Z;B075KXNBNF,True,0,True,1,1,False,2,False,True
public_0002,intent_override,B071X54486,91,10,other,B00X5042IS;B07RZ33BCK;B00N4CEGEW;B0BD7KXVX4;B076FB5TWG;B0052T0SGK;B07RFQ4Q2L;B072HBYT2V;B00J7TTKHY;B0B71T4L93,True,0,17,10,color,B07RQBD7MY;B01727EVCQ;B071P5SP48;B072M9PJ3H;B0C5F4BMLV;B07GDTGWX1;B071X54486;B0058VB3AM;B0062ODJAG;B01N2LFP2K,True,0,176,10,feature,B00I1080VW;B0052T0SGK;B08TWV2QCN;B07D7WQG8G;B07RQSN383;B07QPQ96L1;B08L13LJ5M;B016N918A2;B092W7HJKN;B010779XEY,True,1,11,10,material,B0119U5Z90;B00QINL7ZA;B0C5F4BMLV;B072M9PJ3H;B071X54486;B01MA6KR4B;B074D2V1J3;B004Q7CV0K;B01FKGB6UG;B01N2LFP2K,True,1,11,10,use_case,B0119U5Z90;B00QINL7ZA;B0C5F4BMLV;B072M9PJ3H;B071X54486;B01MA6KR4B;B074D2V1J3;B004Q7CV0K;B01FKGB6UG;B01N2LFP2K,True,1,11,10,style,B0119U5Z90;B00QINL7ZA;B0C5F4BMLV;B072M9PJ3H;B071X54486;B01MA6KR4B;B074D2V1J3;B004Q7CV0K;B01FKGB6UG;B01N2LFP2K,True,1,11,10,size,B0119U5Z90;B00QINL7ZA;B0C5F4BMLV;B072M9PJ3H;B071X54486;B01MA6KR4B;B074D2V1J3;B004Q7CV0K;B01FKGB6UG;B01N2LFP2K,True,1,11,10,budget,B0119U5Z90;B00QINL7ZA;B0C5F4BMLV;B072M9PJ3H;B071X54486;B01MA6KR4B;B074D2V1J3;B004Q7CV0K;B01FKGB6UG;B01N2LFP2K,True,1,11,10,brand,B0119U5Z90;B00QINL7ZA;B0C5F4BMLV;B072M9PJ3H;B071X54486;B01MA6KR4B;B074D2V1J3;B004Q7CV0K;B01FKGB6UG;B01N2LFP2K,True,1,11,10,,B0119U5Z90;B00QINL7ZA;B0C5F4BMLV;B072M9PJ3H;B071X54486;B01MA6KR4B;B074D2V1J3;B004Q7CV0K;B01FKGB6UG;B01N2LFP2K,True,1,True,4,5,False,11,False,False
public_0003,intent_override,B09YMTWDXJ,4,4,,B09YMTWDXJ;B001KSFIS0;B002J4UBI6;B00737GGW4,True,0,4,4,,B09YMTWDXJ;B001KSFIS0;B002J4UBI6;B00737GGW4,True,0,3,3,,B09YMTWDXJ;B07D8GWMKZ;B01NACP8MU,True,1,3,3,,B09YMTWDXJ;B07D8GWMKZ;B01NACP8MU,True,1,3,3,,B09YMTWDXJ;B07D8GWMKZ;B01NACP8MU,True,1,3,3,,B09YMTWDXJ;B07D8GWMKZ;B01NACP8MU,True,1,3,3,,B09YMTWDXJ;B07D8GWMKZ;B01NACP8MU,True,1,3,3,,B09YMTWDXJ;B07D8GWMKZ;B01NACP8MU,True,1,3,3,,B09YMTWDXJ;B07D8GWMKZ;B01NACP8MU,True,1,3,3,,B09YMTWDXJ;B07D8GWMKZ;B01NACP8MU,True,1,True,3,1,False,3,False,True
public_0004,intent_override,B07C2XPZ6D,1,1,,B07C2XPZ6D,True,0,1,1,,B07C2XPZ6D,True,0,51,10,other,B072W9N176;B07C2XPZ6D;B09Z4DNRXR;B07H2JHM1Y;B079GJYRZD;B09WX21XY8;B00L9ZBCV6;B00XF6IY04;B00JBOB3BQ;B07CNHLYC8,True,1,1,1,,B07C2XPZ6D,True,1,1,1,,B07C2XPZ6D,True,1,1,1,,B07C2XPZ6D,True,1,1,1,,B07C2XPZ6D,True,1,1,1,,B07C2XPZ6D,True,1,1,1,,B07C2XPZ6D,True,1,1,1,,B07C2XPZ6D,True,1,True,3,2,False,1,False,True
public_0005,buying,B074G1JP8Z,86,10,other,B08459WDVV;B004LWZXQO;B00RM4VR22;B0031MADUQ;B078JDQMTL;B00710MGAE;B08TCCM91M;B0BQ1DSLKS;B074G1JP8Z;B098WSZ5KD,True,0,1,1,,B074G1JP8Z,True,0,1,1,,B074G1JP8Z,True,0,1,1,,B074G1JP8Z,True,0,1,1,,B074G1JP8Z,True,0,1,1,,B074G1JP8Z,True,0,1,1,,B074G1JP8Z,True,0,1,1,,B074G1JP8Z,True,0,1,1,,B074G1JP8Z,True,0,1,1,,B074G1JP8Z,True,0,True,1,9,False,1,False,True
public_0006,browsing,B071F2Z7JG,13,10,feature,B01N1UA1Q6;B00NU925RY;B08CSQGXTC;B072KHDZND;B0781F25RD;B007023PU8;B071F2Z7JG;B07ZPYN7TY;B00YQ48YI6;B01N5HGJ8E,True,0,1,1,,B071F2Z7JG,True,0,1,1,,B071F2Z7JG,True,0,1,1,,B071F2Z7JG,True,0,1,1,,B071F2Z7JG,True,0,1,1,,B071F2Z7JG,True,0,1,1,,B071F2Z7JG,True,0,1,1,,B071F2Z7JG,True,0,1,1,,B071F2Z7JG,True,0,1,1,,B071F2Z7JG,True,0,True,1,7,False,1,False,True
public_0007,browsing,B08PF98BV4,519,10,other,B09QQK6R8N;B093KV7LP1;B07F5W2DVL;B09721LJ61;B09Z9H8ZM5;B0B64TYV9T;B077JXNCPW;B09Y8VHYD6;B081F5DSV5;B07M9Q229V,True,0,1,1,,B08PF98BV4,True,0,1,1,,B08PF98BV4,True,0,1,1,,B08PF98BV4,True,0,1,1,,B08PF98BV4,True,0,1,1,,B08PF98BV4,True,0,1,1,,B08PF98BV4,True,0,1,1,,B08PF98BV4,True,0,1,1,,B08PF98BV4,True,0,1,1,,B08PF98BV4,True,0,True,2,1,False,1,False,True
public_0008,buying,B0BPCC1KBT,112,10,other,B09D8N6Q4Z;B0BPCC1KBT;B01N7UJ0L9;B0779CHHHF;B086WQCHSN;B098JDBZJQ;B01BH6XY58;B074Q3RDKR;B0C4MSXF1V;B07T8CF4GW,True,0,2,2,,B0BPCC1KBT;B075V115P6,True,0,2,2,,B0BPCC1KBT;B075V115P6,True,0,2,2,,B0BPCC1KBT;B075V115P6,True,0,2,2,,B0BPCC1KBT;B075V115P6,True,0,2,2,,B0BPCC1KBT;B075V115P6,True,0,2,2,,B0BPCC1KBT;B075V115P6,True,0,2,2,,B0BPCC1KBT;B075V115P6,True,0,2,2,,B0BPCC1KBT;B075V115P6,True,0,2,2,,B0BPCC1KBT;B075V115P6,True,0,True,1,2,False,2,False,True
public_0009,buying,B07GXHPWTJ,108,10,other,B09M67CS1X;B081JX95TW;B086YMXTQL;B005QVLMC8;B07SHQ6N8T;B00HBIUM66;B078HJ8QQR;B07CS9CG1Q;B08DK1VK8N;B07CWHWPXZ,True,0,1,1,,B07GXHPWTJ,True,0,1,1,,B07GXHPWTJ,True,0,1,1,,B07GXHPWTJ,True,0,1,1,,B07GXHPWTJ,True,0,1,1,,B07GXHPWTJ,True,0,1,1,,B07GXHPWTJ,True,0,1,1,,B07GXHPWTJ,True,0,1,1,,B07GXHPWTJ,True,0,1,1,,B07GXHPWTJ,True,0,True,2,1,False,1,False,True
public_0010,buying,B0929KL5W7,15,10,other,B0936ZJJ68;B093JQPT5G;B0B97JNGGY;B0929KL5W7;B083BG1PY5;B0B53H6J51;B077VLGB1Q;B0B7DWBL9Y;B08H2CKF4Z;B08H2C3NGL,True,0,1,1,,B0929KL5W7,True,0,1,1,,B0929KL5W7,True,0,1,1,,B0929KL5W7,True,0,1,1,,B0929KL5W7,True,0,1,1,,B0929KL5W7,True,0,1,1,,B0929KL5W7,True,0,1,1,,B0929KL5W7,True,0,1,1,,B0929KL5W7,True,0,1,1,,B0929KL5W7,True,0,True,1,4,False,1,False,True
public_0011,browsing,B0BXP6MG3X,46,10,other,B000TGPTOC;B00LUIB2V2;B09Z8RQYF7;B07FHZ5VGS;B017HY4YAI;B06ZYBR3GC;B005CJJHNK;B075WRHFFW;B01LWYIHJE;B017HY3OH2,True,0,20,10,feature,B017HY3OH2;B0036UZNBC;B0038A1A0I;B0BXP6MG3X;B0BSS36XCS;B00ZDK3VGC;B07DQSWHWN;B00YBBN9B6;B008U7KRBW;B09TJR8FN9,True,0,1,1,,B0BXP6MG3X,True,0,1,1,,B0BXP6MG3X,True,0,1,1,,B0BXP6MG3X,True,0,1,1,,B0BXP6MG3X,True,0,1,1,,B0BXP6MG3X,True,0,1,1,,B0BXP6MG3X,True,0,1,1,,B0BXP6MG3X,True,0,1,1,,B0BXP6MG3X,True,0,True,2,4,False,1,False,True
public_0012,browsing,B08FFGQF72,591,10,other,B0B277VTK9;B00JBIM42E;B097XNM8J8;B0C4G54M7S;B07PRG4HLM;B07MPBTMYL;B074N2DTSX;B085XXRDGR;B07C56GBZD;B0B2DXWVW9,True,0,41,10,feature,B09DSTBLB4;B0BVYL1T2M;B08FFGQF72;B076QLCWCQ;B07BLMTRX7;B08PVJVCT2;B07Q2C49SX;B07KM97KWH;B016L2UQ54;B09BV6T9QM,True,0,1,1,,B08FFGQF72,True,0,1,1,,B08FFGQF72,True,0,1,1,,B08FFGQF72,True,0,1,1,,B08FFGQF72,True,0,1,1,,B08FFGQF72,True,0,1,1,,B08FFGQF72,True,0,1,1,,B08FFGQF72,True,0,1,1,,B08FFGQF72,True,0,True,2,3,False,1,False,True
public_0013,intent_override,B0C65TFM9F,1,1,,B0C65TFM9F,True,0,1,1,,B0C65TFM9F,True,0,1,1,,B0C65TFM9F,True,0,188,10,other,B08N6VDT2H;B08X2X83DW;B01CE02PWE;B073RVMJ19;B07WN8N9Q7;B08MV1VVKR;B0943ZSRXM;B0912MMSQS;B08D222F93;B09F37LN2L,True,1,1,1,,B0C65TFM9F,True,1,1,1,,B0C65TFM9F,True,1,1,1,,B0C65TFM9F,True,1,1,1,,B0C65TFM9F,True,1,1,1,,B0C65TFM9F,True,1,1,1,,B0C65TFM9F,True,1,True,5,1,False,1,False,True
public_0014,browsing,B088QF5G58,51,10,other,B00CXB156W;B07HSZ1KX9;B0BWFW729N;B07Q9Z7CWR;B00OUPXZUI;B0916CFZRP;B07XCWRCLD;B07QFWMJFW;B088QF5G58;B09SHN6FFF,True,0,1,1,,B088QF5G58,True,0,1,1,,B088QF5G58,True,0,1,1,,B088QF5G58,True,0,1,1,,B088QF5G58,True,0,1,1,,B088QF5G58,True,0,1,1,,B088QF5G58,True,0,1,1,,B088QF5G58,True,0,1,1,,B088QF5G58,True,0,1,1,,B088QF5G58,True,0,True,1,9,False,1,False,True
public_0015,browsing,B08513YB2T,283,10,feature,B081FK41NY;B0BBZ315JR;B09L55P4KN;B0B74XT5PT;B08W49RQTF;B07DKT73WY;B004FM1LL6;B001AZQU9O;B08H5W8CPG;B006W71522,True,0,1,1,,B08513YB2T,True,0,1,1,,B08513YB2T,True,0,1,1,,B08513YB2T,True,0,1,1,,B08513YB2T,True,0,1,1,,B08513YB2T,True,0,1,1,,B08513YB2T,True,0,1,1,,B08513YB2T,True,0,1,1,,B08513YB2T,True,0,1,1,,B08513YB2T,True,0,True,2,1,False,1,False,True
public_0016,browsing,B07PH3X7QK,137,10,other,B07NJKMYDJ;B003HCRNE4;B017S42AY4;B00UV414UA;B07L9QCNFC;B00V6S9ME0;B001FWWP6E;B07589C9TH;B07QX8HTT7;B07YK3TB9Z,True,0,26,10,feature,B07PH3X7QK;B08M68Q4J5;B079MSN9X3;B01KORH54W;B00MOTXUC0;B07XBMLV4H;B098YWJWK5;B017HXTLPW;B00CCYB8XK;B074JMZWN3,True,0,1,1,,B07PH3X7QK,True,0,1,1,,B07PH3X7QK,True,0,1,1,,B07PH3X7QK,True,0,1,1,,B07PH3X7QK,True,0,1,1,,B07PH3X7QK,True,0,1,1,,B07PH3X7QK,True,0,1,1,,B07PH3X7QK,True,0,1,1,,B07PH3X7QK,True,0,True,2,1,False,1,False,True
public_0017,buying,B089RXP8K2,271,10,other,B00KGWWXUW;B07VMHRBLK;B07SQFLSGJ;B00IK0CKIM;B008KWRQ48;B09P4JP44D;B01MRX4KXZ;B08LTQG79Y;B07BW7SSDM;B016QUDKCW,True,0,15,10,color,B01E61BKMA;B08GPGX2QG;B089RXP8K2;B0BVFRCTYL;B000LZ02YS;B09T9VD8ZC;B006UTCYWM;B00T1TORAA;B00CORDTWI;B07F1WY89W,True,0,15,10,size,B01E61BKMA;B08GPGX2QG;B089RXP8K2;B0BVFRCTYL;B000LZ02YS;B09T9VD8ZC;B006UTCYWM;B00T1TORAA;B00CORDTWI;B07F1WY89W,True,0,15,10,budget,B01E61BKMA;B08GPGX2QG;B089RXP8K2;B0BVFRCTYL;B000LZ02YS;B09T9VD8ZC;B006UTCYWM;B00CORDTWI;B00T1TORAA;B07F1WY89W,True,0,15,10,brand,B01E61BKMA;B08GPGX2QG;B089RXP8K2;B0BVFRCTYL;B000LZ02YS;B09T9VD8ZC;B006UTCYWM;B00CORDTWI;B00T1TORAA;B07F1WY89W,True,0,15,10,,B01E61BKMA;B08GPGX2QG;B089RXP8K2;B0BVFRCTYL;B000LZ02YS;B09T9VD8ZC;B006UTCYWM;B00CORDTWI;B00T1TORAA;B07F1WY89W,True,0,15,10,,B08GPGX2QG;B01E61BKMA;B089RXP8K2;B0BVFRCTYL;B000LZ02YS;B09T9VD8ZC;B006UTCYWM;B00T1TORAA;B00CORDTWI;B07F1WY89W,True,0,15,10,,B08GPGX2QG;B01E61BKMA;B089RXP8K2;B0BVFRCTYL;B000LZ02YS;B09T9VD8ZC;B006UTCYWM;B00T1TORAA;B00CORDTWI;B07F1WY89W,True,0,15,10,,B08GPGX2QG;B01E61BKMA;B089RXP8K2;B0BVFRCTYL;B000LZ02YS;B09T9VD8ZC;B006UTCYWM;B00T1TORAA;B00CORDTWI;B07F1WY89W,True,0,15,10,,B08GPGX2QG;B01E61BKMA;B089RXP8K2;B0BVFRCTYL;B000LZ02YS;B09T9VD8ZC;B006UTCYWM;B00T1TORAA;B00CORDTWI;B07F1WY89W,True,0,True,2,3,False,15,False,False
public_0018,buying,B07H3T5YGH,9,9,,B07DPM8H8B;B07ZYMGXZZ;B079DNQYCG;B01G92PR4Q;B072S98CN2;B088LWDGBF;B07H3T5YGH;B00VFBI2OE;B01E283N5O,True,0,9,9,,B07DPM8H8B;B07ZYMGXZZ;B079DNQYCG;B01G92PR4Q;B072S98CN2;B088LWDGBF;B07H3T5YGH;B00VFBI2OE;B01E283N5O,True,0,9,9,,B07DPM8H8B;B07ZYMGXZZ;B079DNQYCG;B01G92PR4Q;B072S98CN2;B088LWDGBF;B07H3T5YGH;B00VFBI2OE;B01E283N5O,True,0,9,9,,B07DPM8H8B;B07ZYMGXZZ;B01G92PR4Q;B072S98CN2;B079DNQYCG;B07H3T5YGH;B088LWDGBF;B00VFBI2OE;B01E283N5O,True,0,9,9,,B07DPM8H8B;B07ZYMGXZZ;B01G92PR4Q;B072S98CN2;B079DNQYCG;B07H3T5YGH;B088LWDGBF;B00VFBI2OE;B01E283N5O,True,0,9,9,,B07DPM8H8B;B07ZYMGXZZ;B01G92PR4Q;B072S98CN2;B079DNQYCG;B07H3T5YGH;B088LWDGBF;B00VFBI2OE;B01E283N5O,True,0,9,9,,B07DPM8H8B;B07ZYMGXZZ;B01G92PR4Q;B079DNQYCG;B072S98CN2;B07H3T5YGH;B088LWDGBF;B00VFBI2OE;B01E283N5O,True,0,9,9,,B07DPM8H8B;B07ZYMGXZZ;B01G92PR4Q;B079DNQYCG;B072S98CN2;B07H3T5YGH;B088LWDGBF;B00VFBI2OE;B01E283N5O,True,0,9,9,,B07DPM8H8B;B07ZYMGXZZ;B01G92PR4Q;B079DNQYCG;B072S98CN2;B07H3T5YGH;B088LWDGBF;B00VFBI2OE;B01E283N5O,True,0,9,9,,B07DPM8H8B;B07ZYMGXZZ;B01G92PR4Q;B079DNQYCG;B072S98CN2;B07H3T5YGH;B088LWDGBF;B00VFBI2OE;B01E283N5O,True,0,True,1,7,False,9,False,True
public_0019,browsing,B076VQQ962,109,10,other,B0BGQKYNTN;B00HSIGVI2;B000V24Z2Q;B0885YS157;B074Q2T28R;B0041TSHO2;B00PY4XCIO;B000ICUXRU;B01B3OIZIK;B00JUGNRMS,True,0,1,1,,B076VQQ962,True,0,1,1,,B076VQQ962,True,0,1,1,,B076VQQ962,True,0,1,1,,B076VQQ962,True,0,1,1,,B076VQQ962,True,0,1,1,,B076VQQ962,True,0,1,1,,B076VQQ962,True,0,1,1,,B076VQQ962,True,0,1,1,,B076VQQ962,True,0,True,2,1,False,1,False,True
public_0020,buying,B08P4SSFX4,34,10,other,B082VSZ42L;B07BMG8QZW;B000MX0J4W;B09VLDBDZK;B0B784PZNC;B084Y7YLZS;B09JDXB97J;B01M1RJSCO;B01B3EH51I;B0746NPLXK,True,0,6,6,,B073RTNZKZ;B077GPKTSP;B07DPDYS59;B08P4SSFX4;B074X6Q6GG;B0773HHV2Q,True,0,6,6,,B073RTNZKZ;B077GPKTSP;B07DPDYS59;B08P4SSFX4;B074X6Q6GG;B0773HHV2Q,True,0,6,6,,B073RTNZKZ;B074X6Q6GG;B077GPKTSP;B07DPDYS59;B08P4SSFX4;B0773HHV2Q,True,0,6,6,,B073RTNZKZ;B074X6Q6GG;B077GPKTSP;B07DPDYS59;B08P4SSFX4;B0773HHV2Q,True,0,6,6,,B073RTNZKZ;B074X6Q6GG;B077GPKTSP;B07DPDYS59;B08P4SSFX4;B0773HHV2Q,True,0,6,6,,B073RTNZKZ;B077GPKTSP;B07DPDYS59;B08P4SSFX4;B074X6Q6GG;B0773HHV2Q,True,0,6,6,,B073RTNZKZ;B077GPKTSP;B07DPDYS59;B08P4SSFX4;B074X6Q6GG;B0773HHV2Q,True,0,6,6,,B073RTNZKZ;B077GPKTSP;B07DPDYS59;B08P4SSFX4;B074X6Q6GG;B0773HHV2Q,True,0,6,6,,B073RTNZKZ;B077GPKTSP;B07DPDYS59;B08P4SSFX4;B074X6Q6GG;B0773HHV2Q,True,0,True,2,4,False,6,False,True
public_0021,browsing,B07K4FX4WZ,56,10,other,B01CHDQ7Y0;B0B1DRYPR7;B06XJS5F5G;B07K4FX4WZ;B07S79DCTH;B09LKK71J2;B077ZL47CK;B079SZH9WN;B0BN5YTM3S;B0922434BX,True,0,1,1,,B07K4FX4WZ,True,0,1,1,,B07K4FX4WZ,True,0,1,1,,B07K4FX4WZ,True,0,1,1,,B07K4FX4WZ,True,0,1,1,,B07K4FX4WZ,True,0,1,1,,B07K4FX4WZ,True,0,1,1,,B07K4FX4WZ,True,0,1,1,,B07K4FX4WZ,True,0,1,1,,B07K4FX4WZ,True,0,True,1,4,False,1,False,True
public_0022,buying,B08F5G843H,235,10,other,B098251TWN;B0192MALEG;B09473JX5T;B0B294RG54;B09V7D7QNY;B08F5G843H;B0899TGVHC;B09L815H4H;B07G4DD1VW;B008FVQR8U,True,0,1,1,,B08F5G843H,True,0,1,1,,B08F5G843H,True,0,1,1,,B08F5G843H,True,0,1,1,,B08F5G843H,True,0,1,1,,B08F5G843H,True,0,1,1,,B08F5G843H,True,0,1,1,,B08F5G843H,True,0,1,1,,B08F5G843H,True,0,1,1,,B08F5G843H,True,0,True,1,6,False,1,False,True
public_0023,intent_override,B08ZKFD4GM,1,1,,B08ZKFD4GM,True,0,1,1,,B08ZKFD4GM,True,0,1,1,,B08ZKFD4GM,True,0,63,10,other,B08ZKFD4GM;B06ZYQQVFK;B07PWZXZVX;B06ZYQRM5K;B0BPCC1KBT;B07B4VZ9DV;B094BGFS5R;B084JG8PK9;B00MAM0N0S;B01779Z6M8,True,1,1,1,,B08ZKFD4GM,True,1,1,1,,B08ZKFD4GM,True,1,1,1,,B08ZKFD4GM,True,1,1,1,,B08ZKFD4GM,True,1,1,1,,B08ZKFD4GM,True,1,1,1,,B08ZKFD4GM,True,1,True,4,1,False,1,False,True
public_0024,buying,B076X3JXMW,19,10,other,B06X9B45YB;B072N4KTXN;B08R17NYW5;B088QZYSHB;B084KCDX92;B07T4JQD9V;B01DTXNCXQ;B07BNZC2X3;B00LYO2N0Q;B076X3JXMW,True,0,1,1,,B076X3JXMW,True,0,1,1,,B076X3JXMW,True,0,1,1,,B076X3JXMW,True,0,1,1,,B076X3JXMW,True,0,1,1,,B076X3JXMW,True,0,1,1,,B076X3JXMW,True,0,1,1,,B076X3JXMW,True,0,1,1,,B076X3JXMW,True,0,1,1,,B076X3JXMW,True,0,True,1,10,False,1,False,True
public_0025,browsing,B0BRS1DHVQ,58,10,other,B0BRS1DHVQ;B084ZFGYHN;B09ZJNQ64X;B088NFV83H;B09JZ8V2M3;B0B3RJYM8C;B08YJ8BV6P;B0B5X9T9XB;B0859TL6QX;B088WVRFZS,True,0,1,1,,B0BRS1DHVQ,True,0,1,1,,B0BRS1DHVQ,True,0,1,1,,B0BRS1DHVQ,True,0,1,1,,B0BRS1DHVQ,True,0,1,1,,B0BRS1DHVQ,True,0,1,1,,B0BRS1DHVQ,True,0,1,1,,B0BRS1DHVQ,True,0,1,1,,B0BRS1DHVQ,True,0,1,1,,B0BRS1DHVQ,True,0,True,1,1,False,1,False,True
public_0026,buying,B093R14VP1,23,10,other,B01N2KJN9S;B00KXDEUQ4;B0056EG9MS;B00ARODBG4;B00E6EMTNC;B093R14VP1;B00AO3BMPU;B0058WZI20;B00L1RBQDQ;B017O307X0,True,0,14,10,color,B093R14VP1;B00BMLXS0U;B016MPXB02;B07CZ862B2;B00GUTK12M;B00PBFVMOC;B008JFE84W;B0002M13Q6;B00YCYG3BU;B073K3Z3JM,True,0,14,10,size,B093R14VP1;B00BMLXS0U;B016MPXB02;B07CZ862B2;B00GUTK12M;B00PBFVMOC;B008JFE84W;B0002M13Q6;B00YCYG3BU;B073K3Z3JM,True,0,14,10,budget,B093R14VP1;B00BMLXS0U;B07CZ862B2;B016MPXB02;B008JFE84W;B00GUTK12M;B00PBFVMOC;B0002M13Q6;B00YCYG3BU;B008JEWBAG,True,0,14,10,brand,B093R14VP1;B00BMLXS0U;B07CZ862B2;B016MPXB02;B008JFE84W;B00GUTK12M;B00PBFVMOC;B0002M13Q6;B00YCYG3BU;B008JEWBAG,True,0,14,10,,B093R14VP1;B00BMLXS0U;B07CZ862B2;B016MPXB02;B008JFE84W;B00GUTK12M;B00PBFVMOC;B0002M13Q6;B00YCYG3BU;B008JEWBAG,True,0,14,10,,B093R14VP1;B00BMLXS0U;B07CZ862B2;B016MPXB02;B00GUTK12M;B00PBFVMOC;B008JFE84W;B0002M13Q6;B00YCYG3BU;B073K3Z3JM,True,0,14,10,,B093R14VP1;B00BMLXS0U;B07CZ862B2;B016MPXB02;B00GUTK12M;B00PBFVMOC;B008JFE84W;B0002M13Q6;B00YCYG3BU;B073K3Z3JM,True,0,14,10,,B093R14VP1;B00BMLXS0U;B07CZ862B2;B016MPXB02;B00GUTK12M;B00PBFVMOC;B008JFE84W;B0002M13Q6;B00YCYG3BU;B073K3Z3JM,True,0,14,10,,B093R14VP1;B00BMLXS0U;B07CZ862B2;B016MPXB02;B00GUTK12M;B00PBFVMOC;B008JFE84W;B0002M13Q6;B00YCYG3BU;B073K3Z3JM,True,0,True,1,6,False,14,False,False
public_0027,buying,B0858VDFDW,227,10,other,B084P5KDM4;B07WJJDHDP;B097NZFP3L;B0873ZRQH3;B0858VDFDW;B09CZ38XGH;B09WTM3QKQ;B0BVV7BCNX;B00C5KG9DA;B0B7WY3DYM,True,0,3,3,,B0858VDFDW;B09WTM3QKQ;B073H78ZW2,True,0,3,3,,B0858VDFDW;B09WTM3QKQ;B073H78ZW2,True,0,3,3,,B0858VDFDW;B09WTM3QKQ;B073H78ZW2,True,0,3,3,,B0858VDFDW;B09WTM3QKQ;B073H78ZW2,True,0,3,3,,B0858VDFDW;B09WTM3QKQ;B073H78ZW2,True,0,3,3,,B0858VDFDW;B09WTM3QKQ;B073H78ZW2,True,0,3,3,,B0858VDFDW;B09WTM3QKQ;B073H78ZW2,True,0,3,3,,B0858VDFDW;B09WTM3QKQ;B073H78ZW2,True,0,3,3,,B0858VDFDW;B09WTM3QKQ;B073H78ZW2,True,0,True,1,5,False,3,False,True
public_0028,buying,B0B9ZYDDZ1,271,10,other,B00KGWWXUW;B07VMHRBLK;B07SQFLSGJ;B00IK0CKIM;B008KWRQ48;B09P4JP44D;B01MRX4KXZ;B08LTQG79Y;B07BW7SSDM;B016QUDKCW,True,0,74,10,color,B008KWRQ48;B01MRX4KXZ;B07BW7SSDM;B016QUDKCW;B07C1WBP3Q;B07PJ74236;B01N2TB8EL;B09GKNS3DB;B01N9WWUUQ;B07RCYMNYY,True,0,74,10,size,B008KWRQ48;B01MRX4KXZ;B07BW7SSDM;B016QUDKCW;B07C1WBP3Q;B07PJ74236;B01N2TB8EL;B09GKNS3DB;B01N9WWUUQ;B07RCYMNYY,True,0,74,10,budget,B008KWRQ48;B01MRX4KXZ;B07BW7SSDM;B016QUDKCW;B07PJ74236;B07C1WBP3Q;B01N2TB8EL;B09GKNS3DB;B07RCYMNYY;B01N9WWUUQ,True,0,74,10,brand,B008KWRQ48;B01MRX4KXZ;B07BW7SSDM;B016QUDKCW;B07PJ74236;B07C1WBP3Q;B01N2TB8EL;B09GKNS3DB;B07RCYMNYY;B01N9WWUUQ,True,0,74,10,,B008KWRQ48;B01MRX4KXZ;B07BW7SSDM;B016QUDKCW;B07PJ74236;B07C1WBP3Q;B01N2TB8EL;B09GKNS3DB;B07RCYMNYY;B01N9WWUUQ,True,0,74,10,,B008KWRQ48;B01MRX4KXZ;B07BW7SSDM;B016QUDKCW;B07PJ74236;B07C1WBP3Q;B01N2TB8EL;B07RCYMNYY;B09GKNS3DB;B01N9WWUUQ,True,0,74,10,,B008KWRQ48;B01MRX4KXZ;B07BW7SSDM;B016QUDKCW;B07PJ74236;B07C1WBP3Q;B01N2TB8EL;B07RCYMNYY;B09GKNS3DB;B01N9WWUUQ,True,0,74,10,,B008KWRQ48;B01MRX4KXZ;B07BW7SSDM;B016QUDKCW;B07PJ74236;B07C1WBP3Q;B01N2TB8EL;B07RCYMNYY;B09GKNS3DB;B01N9WWUUQ,True,0,74,10,,B008KWRQ48;B01MRX4KXZ;B07BW7SSDM;B016QUDKCW;B07PJ74236;B07C1WBP3Q;B01N2TB8EL;B07RCYMNYY;B09GKNS3DB;B01N9WWUUQ,True,0,False,,,True,74,False,False
public_0029,buying,B01IAKCZEK,19,10,other,B01IAKCZEK;B08V13PVM8;B0C496CNQN;B00GOCKGW0;B00B8YUBCO;B01IBK0Z96;B00M8JJL38;B00GUNRBDA;B00JTKXCIO;B08C356KK3,True,0,1,1,,B01IAKCZEK,True,0,1,1,,B01IAKCZEK,True,0,1,1,,B01IAKCZEK,True,0,1,1,,B01IAKCZEK,True,0,1,1,,B01IAKCZEK,True,0,1,1,,B01IAKCZEK,True,0,1,1,,B01IAKCZEK,True,0,1,1,,B01IAKCZEK,True,0,1,1,,B01IAKCZEK,True,0,True,1,1,False,1,False,True
public_0030,buying,B09V5RTXG9,25,10,other,B07ZZDZMVQ;B09T4SM1VH;B09V5RTXG9;B0B9919ZCT;B0BL2HN7H1;B01D90JMUQ;B074X7S7GZ;B00MUKX302;B0156YEPZ0;B07QFHTT1C,True,0,1,1,,B09V5RTXG9,True,0,1,1,,B09V5RTXG9,True,0,1,1,,B09V5RTXG9,True,0,1,1,,B09V5RTXG9,True,0,1,1,,B09V5RTXG9,True,0,1,1,,B09V5RTXG9,True,0,1,1,,B09V5RTXG9,True,0,1,1,,B09V5RTXG9,True,0,1,1,,B09V5RTXG9,True,0,True,1,3,False,1,False,True
public_0031,buying,B0BQDTGHMZ,227,10,other,B084P5KDM4;B07WJJDHDP;B097NZFP3L;B0873ZRQH3;B0858VDFDW;B09CZ38XGH;B09WTM3QKQ;B0BVV7BCNX;B00C5KG9DA;B0B7WY3DYM,True,0,2,2,,B0BQDTGHMZ;B072HKPZD5,True,0,2,2,,B0BQDTGHMZ;B072HKPZD5,True,0,2,2,,B0BQDTGHMZ;B072HKPZD5,True,0,2,2,,B0BQDTGHMZ;B072HKPZD5,True,0,2,2,,B0BQDTGHMZ;B072HKPZD5,True,0,2,2,,B0BQDTGHMZ;B072HKPZD5,True,0,2,2,,B0BQDTGHMZ;B072HKPZD5,True,0,2,2,,B0BQDTGHMZ;B072HKPZD5,True,0,2,2,,B0BQDTGHMZ;B072HKPZD5,True,0,True,2,1,False,2,False,True
public_0032,buying,B0834HZQZF,88,10,other,B08CT5QVLR;B0C73DSG4D;B085FML2HF;B082TXYP5R;B07PJM41ZB;B06XF3RXCV;B07QF6BVNQ;B07NGK9KSN;B0834HZQZF;B0713TR82H,True,0,4,4,,B0834HZQZF;B07BQK1RTD;B085Q6HZ7P;B01LWNEORC,True,0,4,4,,B0834HZQZF;B07BQK1RTD;B085Q6HZ7P;B01LWNEORC,True,0,4,4,,B0834HZQZF;B07BQK1RTD;B085Q6HZ7P;B01LWNEORC,True,0,4,4,,B0834HZQZF;B07BQK1RTD;B085Q6HZ7P;B01LWNEORC,True,0,4,4,,B0834HZQZF;B07BQK1RTD;B085Q6HZ7P;B01LWNEORC,True,0,4,4,,B0834HZQZF;B07BQK1RTD;B085Q6HZ7P;B01LWNEORC,True,0,4,4,,B0834HZQZF;B07BQK1RTD;B085Q6HZ7P;B01LWNEORC,True,0,4,4,,B0834HZQZF;B07BQK1RTD;B085Q6HZ7P;B01LWNEORC,True,0,4,4,,B0834HZQZF;B07BQK1RTD;B085Q6HZ7P;B01LWNEORC,True,0,True,1,9,False,4,False,True
public_0033,browsing,B08134XNNB,342,10,other,B08C52FBYY;B07LHMF6FP;B0BGM1R72N;B00IOT39RA;B07N15QTKC;B0BZJG18G6;B074WDWSMT;B00IJNNYTE;B06WWKK9G8;B086ZNJY8K,True,0,1,1,,B08134XNNB,True,0,1,1,,B08134XNNB,True,0,1,1,,B08134XNNB,True,0,1,1,,B08134XNNB,True,0,1,1,,B08134XNNB,True,0,1,1,,B08134XNNB,True,0,1,1,,B08134XNNB,True,0,1,1,,B08134XNNB,True,0,1,1,,B08134XNNB,True,0,True,2,1,False,1,False,True
public_0034,intent_override,B07Q9PNNB5,1,1,,B07Q9PNNB5,True,0,1,1,,B07Q9PNNB5,True,0,1,1,,B07Q9PNNB5,True,0,406,10,other,B08975D154;B087S13L3Q;B00LLNKFDW;B08Z461C68;B07DW85JJG;B08C7PSY5G;B083VZXVRM;B07XB7GBS3;B07QS736ZY;B0BBWJNL9X,True,1,1,1,,B07Q9PNNB5,True,1,1,1,,B07Q9PNNB5,True,1,1,1,,B07Q9PNNB5,True,1,1,1,,B07Q9PNNB5,True,1,1,1,,B07Q9PNNB5,True,1,1,1,,B07Q9PNNB5,True,1,True,5,1,False,1,False,True
public_0035,boundary,B0BN6CCHB7,342,10,other,B08C52FBYY;B07LHMF6FP;B0BGM1R72N;B00IOT39RA;B07N15QTKC;B0BZJG18G6;B074WDWSMT;B00IJNNYTE;B06WWKK9G8;B086ZNJY8K,True,0,342,10,feature,B08C52FBYY;B07LHMF6FP;B0BGM1R72N;B07N15QTKC;B00IOT39RA;B074WDWSMT;B0BZJG18G6;B00IJNNYTE;B0BQ5B2ZXF;B086ZNJY8K,True,0,8,8,,B078GGN9SM;B072ZDR756;B00ITKSNFM;B00ITKT4XM;B0BN6CCHB7;B09JLJP8VS;B078GTVCS6;B00UZ23FRI,True,0,8,8,,B078GGN9SM;B072ZDR756;B00ITKSNFM;B00ITKT4XM;B0BN6CCHB7;B09JLJP8VS;B078GTVCS6;B00UZ23FRI,True,0,8,8,,B078GGN9SM;B072ZDR756;B00ITKSNFM;B00ITKT4XM;B0BN6CCHB7;B09JLJP8VS;B078GTVCS6;B00UZ23FRI,True,0,8,8,,B078GGN9SM;B072ZDR756;B00ITKSNFM;B00ITKT4XM;B0BN6CCHB7;B09JLJP8VS;B078GTVCS6;B00UZ23FRI,True,0,8,8,,B078GGN9SM;B072ZDR756;B00ITKSNFM;B00ITKT4XM;B0BN6CCHB7;B09JLJP8VS;B078GTVCS6;B00UZ23FRI,True,0,8,8,,B078GGN9SM;B072ZDR756;B00ITKSNFM;B00ITKT4XM;B0BN6CCHB7;B09JLJP8VS;B078GTVCS6;B00UZ23FRI,True,0,8,8,,B078GGN9SM;B072ZDR756;B00ITKSNFM;B00ITKT4XM;B0BN6CCHB7;B09JLJP8VS;B078GTVCS6;B00UZ23FRI,True,0,8,8,,B078GGN9SM;B072ZDR756;B00ITKSNFM;B00ITKT4XM;B0BN6CCHB7;B09JLJP8VS;B078GTVCS6;B00UZ23FRI,True,0,True,3,5,False,8,False,True
public_0036,browsing,B08BWR1T58,503,10,other,B07KQMTF9M;B01F84MUR8;B06XTC3GNG;B000YGB6WQ;B007Q1EHPK;B01D1WEFEA;B01F84K4QW;B007JXYONA;B01D3OGQ4S;B072YTRHYX,True,0,1,1,,B08BWR1T58,True,0,1,1,,B08BWR1T58,True,0,1,1,,B08BWR1T58,True,0,1,1,,B08BWR1T58,True,0,1,1,,B08BWR1T58,True,0,1,1,,B08BWR1T58,True,0,1,1,,B08BWR1T58,True,0,1,1,,B08BWR1T58,True,0,1,1,,B08BWR1T58,True,0,True,2,1,False,1,False,True
public_0037,browsing,B08KKBBMMD,28,10,other,B07TJ9PBKR;B018S73LBQ;B001VH6N5M;B09K6SNZFP;B010HVRI2O;B0735X7WXJ;B0C5T7VZK6;B0CC6F6BHQ;B01DC6BKLQ;B00JOC9KY2,True,0,11,10,feature,B06X1GP1RQ;B07FNF1X9V;B01FKMGLYQ;B01JW0XPI2;B00B6EDIAI;B08KKBBMMD;B0B5B4CHZ2;B09VLT9C6F;B09VLR3Z3W;B00K87IORG,True,0,1,1,,B08KKBBMMD,True,0,1,1,,B08KKBBMMD,True,0,1,1,,B08KKBBMMD,True,0,1,1,,B08KKBBMMD,True,0,1,1,,B08KKBBMMD,True,0,1,1,,B08KKBBMMD,True,0,1,1,,B08KKBBMMD,True,0,1,1,,B08KKBBMMD,True,0,True,2,6,False,1,False,True
public_0038,intent_override,B07B5RGY2N,1,1,,B07B5RGY2N,True,0,1,1,,B07B5RGY2N,True,0,1,1,,B07B5RGY2N,True,0,10,10,,B07DL3HTVV;B07B5RGY2N;B015GI8LBA;B07H61H9BY;B01MQIF3BA;B07FD2MGLT;B01D9ZKRC8;B07CYVGN39;B01MRJUKNX;B002UZXWX0,True,1,10,10,,B07DL3HTVV;B07B5RGY2N;B015GI8LBA;B07H61H9BY;B01MQIF3BA;B07FD2MGLT;B01D9ZKRC8;B07CYVGN39;B01MRJUKNX;B002UZXWX0,True,1,10,10,,B07DL3HTVV;B07B5RGY2N;B015GI8LBA;B07H61H9BY;B01MQIF3BA;B07FD2MGLT;B01D9ZKRC8;B07CYVGN39;B01MRJUKNX;B002UZXWX0,True,1,10,10,,B07DL3HTVV;B07B5RGY2N;B015GI8LBA;B07H61H9BY;B01MQIF3BA;B07FD2MGLT;B01D9ZKRC8;B07CYVGN39;B01MRJUKNX;B002UZXWX0,True,1,10,10,,B07DL3HTVV;B07B5RGY2N;B015GI8LBA;B07H61H9BY;B01MQIF3BA;B07FD2MGLT;B01D9ZKRC8;B07CYVGN39;B01MRJUKNX;B002UZXWX0,True,1,10,10,,B07DL3HTVV;B07B5RGY2N;B015GI8LBA;B07H61H9BY;B01MQIF3BA;B07FD2MGLT;B01D9ZKRC8;B07CYVGN39;B01MRJUKNX;B002UZXWX0,True,1,10,10,,B07DL3HTVV;B07B5RGY2N;B015GI8LBA;B07H61H9BY;B01MQIF3BA;B07FD2MGLT;B01D9ZKRC8;B07CYVGN39;B01MRJUKNX;B002UZXWX0,True,1,True,4,2,False,10,True,True
public_0039,browsing,B07TZCJW9X,25,10,feature,B01CE5HHAY;B06XFVLQPN;B00F1JOOHK;B00R8KLOWI;B08ZCDHW9D;B088B5V3D5;B07TZCJW9X;B08KXMJSZK;B0BLY18TSP;B07GD9HL4J,True,0,2,2,,B07TZCJW9X;B08KXMJSZK,True,0,2,2,,B07TZCJW9X;B08KXMJSZK,True,0,2,2,,B07TZCJW9X;B08KXMJSZK,True,0,2,2,,B07TZCJW9X;B08KXMJSZK,True,0,2,2,,B07TZCJW9X;B08KXMJSZK,True,0,2,2,,B07TZCJW9X;B08KXMJSZK,True,0,2,2,,B07TZCJW9X;B08KXMJSZK,True,0,2,2,,B07TZCJW9X;B08KXMJSZK,True,0,2,2,,B07TZCJW9X;B08KXMJSZK,True,0,True,1,7,False,2,False,True
public_0040,browsing,B08ZJWTCDR,127,10,other,B004I8VWA2;B078K2MVZC;B07X48JFV1;B07Y8F4JTC;B09H34Q9SQ;B0014H5JXG;B01N46FD1C;B0BJTHV9YD;B07W73CSSH;B074XGM22G,True,0,3,3,,B08ZJWTCDR;B0B3GR3N7B;B00O12O126,True,0,3,3,,B08ZJWTCDR;B0B3GR3N7B;B00O12O126,True,0,3,3,,B08ZJWTCDR;B0B3GR3N7B;B00O12O126,True,0,3,3,,B08ZJWTCDR;B0B3GR3N7B;B00O12O126,True,0,3,3,,B08ZJWTCDR;B0B3GR3N7B;B00O12O126,True,0,3,3,,B08ZJWTCDR;B0B3GR3N7B;B00O12O126,True,0,3,3,,B08ZJWTCDR;B0B3GR3N7B;B00O12O126,True,0,3,3,,B08ZJWTCDR;B0B3GR3N7B;B00O12O126,True,0,3,3,,B08ZJWTCDR;B0B3GR3N7B;B00O12O126,True,0,True,2,1,False,3,False,True
public_0041,boundary,B09MSY8926,519,10,other,B09QQK6R8N;B093KV7LP1;B07F5W2DVL;B09721LJ61;B09Z9H8ZM5;B0B64TYV9T;B077JXNCPW;B09Y8VHYD6;B081F5DSV5;B07M9Q229V,True,0,519,10,feature,B09QQK6R8N;B093KV7LP1;B07F5W2DVL;B09Z9H8ZM5;B0B64TYV9T;B09721LJ61;B09Y8VHYD6;B077JXNCPW;B07GZQLDD1;B089YDCYW8,True,0,1,1,,B09MSY8926,True,0,1,1,,B09MSY8926,True,0,1,1,,B09MSY8926,True,0,1,1,,B09MSY8926,True,0,1,1,,B09MSY8926,True,0,1,1,,B09MSY8926,True,0,1,1,,B09MSY8926,True,0,1,1,,B09MSY8926,True,0,True,3,1,False,1,False,True
public_0042,buying,B01LWOGORL,86,10,other,B008NYUJ8S;B003XKO4I8;B0159W2YDO;B083SS6GNH;B01LWOGORL;B00TYE8UNM;B073ZB53PK;B00L059500;B005QH84QO;B0B6CYH17L,True,0,1,1,,B01LWOGORL,True,0,1,1,,B01LWOGORL,True,0,1,1,,B01LWOGORL,True,0,1,1,,B01LWOGORL,True,0,1,1,,B01LWOGORL,True,0,1,1,,B01LWOGORL,True,0,1,1,,B01LWOGORL,True,0,1,1,,B01LWOGORL,True,0,1,1,,B01LWOGORL,True,0,True,1,5,False,1,False,True
public_0043,browsing,B0C1KNGLPX,319,10,other,B084P5KDM4;B09WTM3QKQ;B0C28JK5W6;B07TS2D23C;B00Y5T5P34;B08Y7SVJNP;B00W8AU1KE;B01BN0MJZ4;B01BN0MLE8;B00LBXMEG8,True,0,2,2,,B078MWZZZ1;B0C1KNGLPX,True,0,2,2,,B078MWZZZ1;B0C1KNGLPX,True,0,2,2,,B078MWZZZ1;B0C1KNGLPX,True,0,2,2,,B078MWZZZ1;B0C1KNGLPX,True,0,2,2,,B078MWZZZ1;B0C1KNGLPX,True,0,2,2,,B078MWZZZ1;B0C1KNGLPX,True,0,2,2,,B078MWZZZ1;B0C1KNGLPX,True,0,2,2,,B078MWZZZ1;B0C1KNGLPX,True,0,2,2,,B078MWZZZ1;B0C1KNGLPX,True,0,True,2,2,False,2,False,True
public_0044,buying,B09BQ4G5BD,7,7,,B07QXG5N4C;B09BQ4G5BD;B0C36VHHG5;B09VCNRTK9;B004AGMTMW;B0051NQ8XY;B0C1CC4TL5,True,0,7,7,,B07QXG5N4C;B09BQ4G5BD;B0C36VHHG5;B09VCNRTK9;B004AGMTMW;B0051NQ8XY;B0C1CC4TL5,True,0,7,7,,B07QXG5N4C;B09BQ4G5BD;B0C36VHHG5;B09VCNRTK9;B004AGMTMW;B0051NQ8XY;B0C1CC4TL5,True,0,7,7,,B07QXG5N4C;B09BQ4G5BD;B0C36VHHG5;B09VCNRTK9;B004AGMTMW;B0051NQ8XY;B0C1CC4TL5,True,0,7,7,,B07QXG5N4C;B09BQ4G5BD;B0C36VHHG5;B09VCNRTK9;B004AGMTMW;B0051NQ8XY;B0C1CC4TL5,True,0,7,7,,B07QXG5N4C;B09BQ4G5BD;B0C36VHHG5;B09VCNRTK9;B004AGMTMW;B0051NQ8XY;B0C1CC4TL5,True,0,7,7,,B07QXG5N4C;B09BQ4G5BD;B0C36VHHG5;B09VCNRTK9;B004AGMTMW;B0051NQ8XY;B0C1CC4TL5,True,0,7,7,,B07QXG5N4C;B09BQ4G5BD;B0C36VHHG5;B09VCNRTK9;B004AGMTMW;B0051NQ8XY;B0C1CC4TL5,True,0,7,7,,B07QXG5N4C;B09BQ4G5BD;B0C36VHHG5;B09VCNRTK9;B004AGMTMW;B0051NQ8XY;B0C1CC4TL5,True,0,7,7,,B07QXG5N4C;B09BQ4G5BD;B0C36VHHG5;B09VCNRTK9;B004AGMTMW;B0051NQ8XY;B0C1CC4TL5,True,0,True,1,2,False,7,False,True
public_0045,buying,B07Z8NTWVV,232,10,other,B093KV7LP1;B089YDCYW8;B07GR118Z1;B08N4962LL;B09WNBHSFN;B0BN6DBB4K;B0B31LR7G4;B01EM470LQ;B08G1N5KS1;B08DTKVZD4,True,0,5,5,,B07K6MV2DN;B07Z8NTWVV;B01I24HM92;B0BWD9T482;B0983GVBR4,True,0,5,5,,B07K6MV2DN;B07Z8NTWVV;B01I24HM92;B0BWD9T482;B0983GVBR4,True,0,5,5,,B07K6MV2DN;B07Z8NTWVV;B01I24HM92;B0983GVBR4;B0BWD9T482,True,0,5,5,,B07K6MV2DN;B07Z8NTWVV;B01I24HM92;B0983GVBR4;B0BWD9T482,True,0,5,5,,B07K6MV2DN;B07Z8NTWVV;B01I24HM92;B0983GVBR4;B0BWD9T482,True,0,5,5,,B07K6MV2DN;B07Z8NTWVV;B01I24HM92;B0BWD9T482;B0983GVBR4,True,0,5,5,,B07K6MV2DN;B07Z8NTWVV;B01I24HM92;B0BWD9T482;B0983GVBR4,True,0,5,5,,B07K6MV2DN;B07Z8NTWVV;B01I24HM92;B0BWD9T482;B0983GVBR4,True,0,5,5,,B07K6MV2DN;B07Z8NTWVV;B01I24HM92;B0BWD9T482;B0983GVBR4,True,0,True,2,2,False,5,False,True
public_0046,intent_override,B0B42PVX1F,1,1,,B0B42PVX1F,True,0,1,1,,B0B42PVX1F,True,0,1,1,,B0B42PVX1F,True,0,2,2,,B0B42PVX1F;B078GDJJH3,True,1,2,2,,B0B42PVX1F;B078GDJJH3,True,1,2,2,,B0B42PVX1F;B078GDJJH3,True,1,2,2,,B0B42PVX1F;B078GDJJH3,True,1,2,2,,B0B42PVX1F;B078GDJJH3,True,1,2,2,,B0B42PVX1F;B078GDJJH3,True,1,2,2,,B0B42PVX1F;B078GDJJH3,True,1,True,4,1,False,2,False,True
public_0047,browsing,B0BYZX7B1L,33,10,feature,B08CVKDHGG;B077XY5KVH;B01D93MHDM;B09C1GBVFW;B08JCKLQT8;B071JDX7CX;B07H27XRQQ;B08CXXBDSR;B0BYTB43KT;B01IE5V5R4,True,0,1,1,,B0BYZX7B1L,True,0,1,1,,B0BYZX7B1L,True,0,1,1,,B0BYZX7B1L,True,0,1,1,,B0BYZX7B1L,True,0,1,1,,B0BYZX7B1L,True,0,1,1,,B0BYZX7B1L,True,0,1,1,,B0BYZX7B1L,True,0,1,1,,B0BYZX7B1L,True,0,1,1,,B0BYZX7B1L,True,0,True,2,1,False,1,False,True
public_0048,browsing,B00VQBMJUQ,28,10,other,B091F4M4W1;B078NZGY8Y;B00CCQ779M;B07HP6WXY3;B06XSVS69W;B00VQBMJUQ;B077Y5P2HK;B08TQGZS33;B09KMVDLV6;B0819CN25R,True,0,8,8,,B00VQBMJUQ;B006TNHI6G;B010Q0VDZ4;B0777S4HDN;B009RBI23A;B0047ILGWM;B003V4B9BQ;B00VUWDBQM,True,0,8,8,,B00VQBMJUQ;B006TNHI6G;B010Q0VDZ4;B0777S4HDN;B009RBI23A;B0047ILGWM;B003V4B9BQ;B00VUWDBQM,True,0,8,8,,B00VQBMJUQ;B006TNHI6G;B009RBI23A;B010Q0VDZ4;B0047ILGWM;B0777S4HDN;B003V4B9BQ;B00VUWDBQM,True,0,8,8,,B00VQBMJUQ;B006TNHI6G;B009RBI23A;B010Q0VDZ4;B0047ILGWM;B0777S4HDN;B003V4B9BQ;B00VUWDBQM,True,0,8,8,,B00VQBMJUQ;B006TNHI6G;B009RBI23A;B010Q0VDZ4;B0047ILGWM;B0777S4HDN;B003V4B9BQ;B00VUWDBQM,True,0,8,8,,B00VQBMJUQ;B006TNHI6G;B010Q0VDZ4;B009RBI23A;B0777S4HDN;B0047ILGWM;B003V4B9BQ;B00VUWDBQM,True,0,8,8,,B00VQBMJUQ;B006TNHI6G;B010Q0VDZ4;B009RBI23A;B0777S4HDN;B0047ILGWM;B003V4B9BQ;B00VUWDBQM,True,0,8,8,,B00VQBMJUQ;B006TNHI6G;B010Q0VDZ4;B009RBI23A;B0777S4HDN;B0047ILGWM;B003V4B9BQ;B00VUWDBQM,True,0,8,8,,B00VQBMJUQ;B006TNHI6G;B010Q0VDZ4;B009RBI23A;B0777S4HDN;B0047ILGWM;B003V4B9BQ;B00VUWDBQM,True,0,True,1,6,False,8,False,True
public_0049,browsing,B08G4WVYLJ,665,10,feature,B00IMOFW04;B087S13L3Q;B09VRSZ81X;B09GF1RWH5;B09NPHF9M6;B0BBQS1N1S;B07YGRMJRR;B07D2WHSKQ;B09B9ST61H;B087ZN32SR,True,0,298,10,other,B087ZN32SR;B07FD46ZYJ;B00KYF7LHG;B09RJ8ZDZZ;B004QMSTGA;B01GR4GK7E;B07CP7VTNZ;B09NCDHY1X;B0BB2W5JXB;B09PL6BZ3B,True,0,6,6,,B07XB7GBS3;B08G4WVYLJ;B07PFD9D7M;B08CCZBPHB;B004N639Z0;B00K0LTUXW,True,0,6,6,,B07XB7GBS3;B08G4WVYLJ;B07PFD9D7M;B08CCZBPHB;B00K0LTUXW;B004N639Z0,True,0,6,6,,B07XB7GBS3;B08G4WVYLJ;B07PFD9D7M;B08CCZBPHB;B00K0LTUXW;B004N639Z0,True,0,6,6,,B07XB7GBS3;B08G4WVYLJ;B07PFD9D7M;B08CCZBPHB;B00K0LTUXW;B004N639Z0,True,0,6,6,,B07XB7GBS3;B08G4WVYLJ;B07PFD9D7M;B08CCZBPHB;B00K0LTUXW;B004N639Z0,True,0,6,6,,B07XB7GBS3;B08G4WVYLJ;B07PFD9D7M;B08CCZBPHB;B00K0LTUXW;B004N639Z0,True,0,6,6,,B07XB7GBS3;B08G4WVYLJ;B07PFD9D7M;B08CCZBPHB;B00K0LTUXW;B004N639Z0,True,0,6,6,,B07XB7GBS3;B08G4WVYLJ;B07PFD9D7M;B08CCZBPHB;B00K0LTUXW;B004N639Z0,True,0,True,3,2,False,6,False,True
public_0050,boundary,B07BYR6T7W,47,10,feature,B0152HWX7I;B01M02CHLV;B01KU3L5IM;B00F4SX28U;B07YJMHDJQ;B07XQY112X;B08MK6L5WX;B07BYR6T7W;B009ZNBRBY;B09C1D9WJ1,True,0,47,10,other,B0152HWX7I;B07YJMHDJQ;B00F4SX28U;B01M02CHLV;B01KU3L5IM;B07XQY112X;B08MK6L5WX;B09C1D9WJ1;B07N1WSKK5;B009ZNBRBY,True,0,17,10,color,B07BYR6T7W;B00BH8P1BM;B07TNFL6TH;B007KJ62NI;B007T7ZE8K;B0BKJNL6TG;B07DKLRG6Q;B0BMWSD77X;B00B9Q3CO0;B0041D9P12,True,0,17,10,use_case,B07BYR6T7W;B00BH8P1BM;B007T7ZE8K;B07TNFL6TH;B007KJ62NI;B0BKJNL6TG;B0041D9P12;B0BMWSD77X;B006S4RCT4;B07DKLRG6Q,True,0,17,10,style,B07BYR6T7W;B00BH8P1BM;B007T7ZE8K;B07TNFL6TH;B007KJ62NI;B0BKJNL6TG;B0041D9P12;B0BMWSD77X;B006S4RCT4;B07DKLRG6Q,True,0,17,10,material,B07BYR6T7W;B00BH8P1BM;B007T7ZE8K;B07TNFL6TH;B007KJ62NI;B0BKJNL6TG;B0041D9P12;B0BMWSD77X;B006S4RCT4;B07DKLRG6Q,True,0,17,10,size,B07BYR6T7W;B00BH8P1BM;B07TNFL6TH;B007T7ZE8K;B007KJ62NI;B0BKJNL6TG;B07DKLRG6Q;B0BMWSD77X;B0041D9P12;B00B9Q3CO0,True,0,17,10,budget,B07BYR6T7W;B00BH8P1BM;B07TNFL6TH;B007T7ZE8K;B007KJ62NI;B0BKJNL6TG;B07DKLRG6Q;B0BMWSD77X;B0041D9P12;B00B9Q3CO0,True,0,17,10,brand,B07BYR6T7W;B00BH8P1BM;B07TNFL6TH;B007T7ZE8K;B007KJ62NI;B0BKJNL6TG;B07DKLRG6Q;B0BMWSD77X;B0041D9P12;B00B9Q3CO0,True,0,17,10,,B07BYR6T7W;B00BH8P1BM;B07TNFL6TH;B007T7ZE8K;B007KJ62NI;B0BKJNL6TG;B07DKLRG6Q;B0BMWSD77X;B0041D9P12;B00B9Q3CO0,True,0,True,1,8,False,17,False,False
public_0051,browsing,B07N1624C5,342,10,other,B08C52FBYY;B07LHMF6FP;B0BGM1R72N;B00IOT39RA;B07N15QTKC;B0BZJG18G6;B074WDWSMT;B00IJNNYTE;B06WWKK9G8;B086ZNJY8K,True,0,1,1,,B07N1624C5,True,0,1,1,,B07N1624C5,True,0,1,1,,B07N1624C5,True,0,1,1,,B07N1624C5,True,0,1,1,,B07N1624C5,True,0,1,1,,B07N1624C5,True,0,1,1,,B07N1624C5,True,0,1,1,,B07N1624C5,True,0,1,1,,B07N1624C5,True,0,True,2,1,False,1,False,True
public_0052,intent_override,B09G2ZNZY4,88,10,other,B07TX4JMRP;B07JDQWPP8;B076FKSRLH;B010G9EDTS;B06WCZYWLG;B01DLKFQ3G;B07MNZFVL2;B07H2BZ7KX;B071X8Z439;B07R4X4HH7,True,0,2,2,,B09G2ZNZY4;B08CZ9TVQT,True,0,232,10,material,B093KV7LP1;B089YDCYW8;B07GR118Z1;B08N4962LL;B09WNBHSFN;B0BN6DBB4K;B0B31LR7G4;B08G1N5KS1;B01EM470LQ;B08RD6BB4Z,True,1,232,10,feature,B093KV7LP1;B089YDCYW8;B09WNBHSFN;B08N4962LL;B07GR118Z1;B0BN6DBB4K;B08DTKVZD4;B08G8DS1R3;B0B31LR7G4;B08G1N5KS1,True,1,3,3,,B09G2ZNZY4;B075YDLHCJ;B07MKBYVK6,True,1,3,3,,B09G2ZNZY4;B075YDLHCJ;B07MKBYVK6,True,1,3,3,,B09G2ZNZY4;B075YDLHCJ;B07MKBYVK6,True,1,3,3,,B09G2ZNZY4;B075YDLHCJ;B07MKBYVK6,True,1,3,3,,B09G2ZNZY4;B075YDLHCJ;B07MKBYVK6,True,1,3,3,,B09G2ZNZY4;B075YDLHCJ;B07MKBYVK6,True,1,True,5,1,False,3,False,True
public_0053,buying,B07TZK3GZK,6,6,,B00Z91DYPI;B08KWQR9YN;B07TZK3GZK;B07W4PP3M9;B07ZR88YLW;B01DKXULIO,True,0,6,6,,B00Z91DYPI;B08KWQR9YN;B07TZK3GZK;B07W4PP3M9;B07ZR88YLW;B01DKXULIO,True,0,6,6,,B00Z91DYPI;B08KWQR9YN;B07TZK3GZK;B07W4PP3M9;B07ZR88YLW;B01DKXULIO,True,0,6,6,,B00Z91DYPI;B08KWQR9YN;B07W4PP3M9;B07TZK3GZK;B07ZR88YLW;B01DKXULIO,True,0,6,6,,B00Z91DYPI;B08KWQR9YN;B07W4PP3M9;B07TZK3GZK;B07ZR88YLW;B01DKXULIO,True,0,6,6,,B00Z91DYPI;B08KWQR9YN;B07W4PP3M9;B07TZK3GZK;B07ZR88YLW;B01DKXULIO,True,0,6,6,,B00Z91DYPI;B07TZK3GZK;B08KWQR9YN;B07W4PP3M9;B01DKXULIO;B07ZR88YLW,True,0,6,6,,B00Z91DYPI;B07TZK3GZK;B08KWQR9YN;B07W4PP3M9;B01DKXULIO;B07ZR88YLW,True,0,6,6,,B00Z91DYPI;B07TZK3GZK;B08KWQR9YN;B07W4PP3M9;B01DKXULIO;B07ZR88YLW,True,0,6,6,,B00Z91DYPI;B07TZK3GZK;B08KWQR9YN;B07W4PP3M9;B01DKXULIO;B07ZR88YLW,True,0,True,1,3,False,6,False,True
public_0054,buying,B08PP1ZJQ5,101,10,other,B08PP1ZJQ5;B08G81SR12;B08G8FY295;B07KRGX1ZD;B08GK28TC9;B07WQX9SM2;B086PJQ7HV;B0893RM7HK;B074P9XWWM;B082P7RP63,True,0,2,2,,B08PP1ZJQ5;B0893RM7HK,True,0,2,2,,B08PP1ZJQ5;B0893RM7HK,True,0,2,2,,B08PP1ZJQ5;B0893RM7HK,True,0,2,2,,B08PP1ZJQ5;B0893RM7HK,True,0,2,2,,B08PP1ZJQ5;B0893RM7HK,True,0,2,2,,B08PP1ZJQ5;B0893RM7HK,True,0,2,2,,B08PP1ZJQ5;B0893RM7HK,True,0,2,2,,B08PP1ZJQ5;B0893RM7HK,True,0,2,2,,B08PP1ZJQ5;B0893RM7HK,True,0,True,1,1,False,2,False,True
public_0055,browsing,B0C1TDJ9HZ,283,10,feature,B081FK41NY;B0BBZ315JR;B09L55P4KN;B0B74XT5PT;B08W49RQTF;B07DKT73WY;B004FM1LL6;B001AZQU9O;B08H5W8CPG;B006W71522,True,0,1,1,,B0C1TDJ9HZ,True,0,1,1,,B0C1TDJ9HZ,True,0,1,1,,B0C1TDJ9HZ,True,0,1,1,,B0C1TDJ9HZ,True,0,1,1,,B0C1TDJ9HZ,True,0,1,1,,B0C1TDJ9HZ,True,0,1,1,,B0C1TDJ9HZ,True,0,1,1,,B0C1TDJ9HZ,True,0,1,1,,B0C1TDJ9HZ,True,0,True,2,1,False,1,False,True
public_0056,browsing,B0B2RF64YD,1354,10,other,B07BK6Z4ZY;B0009GI3CM;B016OT9D3K;B00M36PUYA;B07JH9BW86;B01CDFPFTU;B013TKSIBK;B009ELWA8G;B07BFL9K3C;B0BC3MBTQ5,True,0,1,1,,B0B2RF64YD,True,0,1,1,,B0B2RF64YD,True,0,1,1,,B0B2RF64YD,True,0,1,1,,B0B2RF64YD,True,0,1,1,,B0B2RF64YD,True,0,1,1,,B0B2RF64YD,True,0,1,1,,B0B2RF64YD,True,0,1,1,,B0B2RF64YD,True,0,1,1,,B0B2RF64YD,True,0,True,2,1,False,1,False,True
public_0057,browsing,B085RX192V,283,10,feature,B081FK41NY;B0BBZ315JR;B09L55P4KN;B0B74XT5PT;B08W49RQTF;B07DKT73WY;B004FM1LL6;B001AZQU9O;B08H5W8CPG;B006W71522,True,0,8,8,,B085RX192V;B010WFUIOK;B010WFEKYE;B01HQAYO8K;B0014C40B8;B010WFUUXO;B01A6LZQ60;B01A6LZT26,True,0,8,8,,B085RX192V;B010WFUIOK;B010WFEKYE;B01HQAYO8K;B0014C40B8;B010WFUUXO;B01A6LZQ60;B01A6LZT26,True,0,8,8,,B085RX192V;B010WFUIOK;B010WFEKYE;B01HQAYO8K;B0014C40B8;B010WFUUXO;B01A6LZQ60;B01A6LZT26,True,0,8,8,,B085RX192V;B010WFUIOK;B010WFEKYE;B01HQAYO8K;B0014C40B8;B010WFUUXO;B01A6LZQ60;B01A6LZT26,True,0,8,8,,B085RX192V;B010WFUIOK;B010WFEKYE;B01HQAYO8K;B0014C40B8;B010WFUUXO;B01A6LZQ60;B01A6LZT26,True,0,8,8,,B085RX192V;B010WFUIOK;B010WFEKYE;B01HQAYO8K;B0014C40B8;B010WFUUXO;B01A6LZQ60;B01A6LZT26,True,0,8,8,,B085RX192V;B010WFUIOK;B010WFEKYE;B01HQAYO8K;B0014C40B8;B010WFUUXO;B01A6LZQ60;B01A6LZT26,True,0,8,8,,B085RX192V;B010WFUIOK;B010WFEKYE;B01HQAYO8K;B0014C40B8;B010WFUUXO;B01A6LZQ60;B01A6LZT26,True,0,8,8,,B085RX192V;B010WFUIOK;B010WFEKYE;B01HQAYO8K;B0014C40B8;B010WFUUXO;B01A6LZQ60;B01A6LZT26,True,0,True,2,1,False,8,False,True
public_0058,buying,B08L83YQTZ,27,10,other,B00JALSVUG;B07H5GPJ9H;B077ZBHFRY;B07JX9859J;B075FL65WP;B075MDK3RF;B07K46GBFM;B07KSRCVKF;B07RQV43L5;B07BCP8DG5,True,0,7,7,,B07RQV43L5;B07BCP8DG5;B08L83YQTZ;B09BN7KM2L;B07TD4GFS5;B07TGGTKYL;B00IXJN2CI,True,0,7,7,,B07RQV43L5;B07BCP8DG5;B08L83YQTZ;B09BN7KM2L;B07TD4GFS5;B07TGGTKYL;B00IXJN2CI,True,0,7,7,,B07RQV43L5;B08L83YQTZ;B07BCP8DG5;B07TD4GFS5;B07TGGTKYL;B09BN7KM2L;B00IXJN2CI,True,0,7,7,,B07RQV43L5;B08L83YQTZ;B07BCP8DG5;B07TD4GFS5;B07TGGTKYL;B09BN7KM2L;B00IXJN2CI,True,0,7,7,,B07RQV43L5;B08L83YQTZ;B07BCP8DG5;B07TD4GFS5;B07TGGTKYL;B09BN7KM2L;B00IXJN2CI,True,0,7,7,,B07RQV43L5;B08L83YQTZ;B07BCP8DG5;B07TD4GFS5;B07TGGTKYL;B09BN7KM2L;B00IXJN2CI,True,0,7,7,,B07RQV43L5;B08L83YQTZ;B07BCP8DG5;B07TD4GFS5;B07TGGTKYL;B09BN7KM2L;B00IXJN2CI,True,0,7,7,,B07RQV43L5;B08L83YQTZ;B07BCP8DG5;B07TD4GFS5;B07TGGTKYL;B09BN7KM2L;B00IXJN2CI,True,0,7,7,,B07RQV43L5;B08L83YQTZ;B07BCP8DG5;B07TD4GFS5;B07TGGTKYL;B09BN7KM2L;B00IXJN2CI,True,0,True,2,3,False,7,False,True
public_0059,browsing,B01H6DGA16,27,10,other,B09JRTH188;B01C8ISMFQ;B07SJZN476;B000QW6LPK;B09N9WRSFD;B074DR42J6;B0BRKBZZ7H;B071WWFBC6;B011M8OBH6;B01EK73E74,True,0,1,1,,B01H6DGA16,True,0,1,1,,B01H6DGA16,True,0,1,1,,B01H6DGA16,True,0,1,1,,B01H6DGA16,True,0,1,1,,B01H6DGA16,True,0,1,1,,B01H6DGA16,True,0,1,1,,B01H6DGA16,True,0,1,1,,B01H6DGA16,True,0,1,1,,B01H6DGA16,True,0,True,2,1,False,1,False,True
public_0060,browsing,B08R61K9B9,68,10,other,B018PVP406;B0156YEPZ0;B0151WOJXA;B0BXX4XSN4;B07TFHLXCF;B07ZZDZMVQ;B08GCXYG49;B07NPGSJ8Z;B09V5RTXG9;B01M3QHEL7,True,0,1,1,,B08R61K9B9,True,0,1,1,,B08R61K9B9,True,0,1,1,,B08R61K9B9,True,0,1,1,,B08R61K9B9,True,0,1,1,,B08R61K9B9,True,0,1,1,,B08R61K9B9,True,0,1,1,,B08R61K9B9,True,0,1,1,,B08R61K9B9,True,0,1,1,,B08R61K9B9,True,0,True,2,1,False,1,False,True
public_0061,buying,B08HCP9YTV,1,1,,B08HCP9YTV,True,0,1,1,,B08HCP9YTV,True,0,1,1,,B08HCP9YTV,True,0,1,1,,B08HCP9YTV,True,0,1,1,,B08HCP9YTV,True,0,1,1,,B08HCP9YTV,True,0,1,1,,B08HCP9YTV,True,0,1,1,,B08HCP9YTV,True,0,1,1,,B08HCP9YTV,True,0,1,1,,B08HCP9YTV,True,0,True,1,1,False,1,False,True
public_0062,browsing,B015K51VPM,66,10,other,B07JBBPJP6;B01KGI7V9S;B09HTQD6R7;B015K51VPM;B01F4I0KLQ;B0797GBP96;B01L2TGNTE;B01M8IIGGA;B075JH1T5W;B00I3GZZHQ,True,0,2,2,,B015K51VPM;B078JGR1S6,True,0,2,2,,B015K51VPM;B078JGR1S6,True,0,2,2,,B015K51VPM;B078JGR1S6,True,0,2,2,,B015K51VPM;B078JGR1S6,True,0,2,2,,B015K51VPM;B078JGR1S6,True,0,2,2,,B015K51VPM;B078JGR1S6,True,0,2,2,,B015K51VPM;B078JGR1S6,True,0,2,2,,B015K51VPM;B078JGR1S6,True,0,2,2,,B015K51VPM;B078JGR1S6,True,0,True,1,4,False,2,False,True
public_0063,browsing,B09MKL5TBK,54,10,other,B07ZY8TXMS;B07F2QF7ZK;B07HMX15KN;B09MKL5TBK;B004LYVFFA;B097D4B59Y;B07Q412XYS;B01DYHXCXW;B08T1HXYF6;B08SHPND37,True,0,1,1,,B09MKL5TBK,True,0,1,1,,B09MKL5TBK,True,0,1,1,,B09MKL5TBK,True,0,1,1,,B09MKL5TBK,True,0,1,1,,B09MKL5TBK,True,0,1,1,,B09MKL5TBK,True,0,1,1,,B09MKL5TBK,True,0,1,1,,B09MKL5TBK,True,0,1,1,,B09MKL5TBK,True,0,True,1,4,False,1,False,True
public_0064,intent_override,B019DU687Q,34,10,other,B01AOWY072;B07KKFY6SF;B07KFZTLKB;B091KNL71P;B01M8QVCKR;B09FL2CF44;B00HQTHM1S;B08HKHPPBT;B019DU687Q;B07TMY9MTC,True,0,1,1,,B019DU687Q,True,0,1,1,,B019DU687Q,True,0,26,10,feature,B07GZH4814;B07VLFQ658;B07PXMTZQK;B07BKQ9DT4;B0798TR9J9;B07WTVXCTW;B00H7MW1LU;B00OZIGHKA;B07R43T314;B091KNL71P,True,1,3,3,,B019DU687Q;B019DU6AL0;B08DQZQ7WP,True,1,3,3,,B019DU687Q;B019DU6AL0;B08DQZQ7WP,True,1,3,3,,B019DU687Q;B019DU6AL0;B08DQZQ7WP,True,1,3,3,,B019DU687Q;B019DU6AL0;B08DQZQ7WP,True,1,3,3,,B019DU687Q;B019DU6AL0;B08DQZQ7WP,True,1,3,3,,B019DU687Q;B019DU6AL0;B08DQZQ7WP,True,1,True,5,1,False,3,False,True
public_0065,buying,B0BSQ9TCYC,3,3,,B0BSQ9TCYC;B074BMLZTL;B07N8SGDV8,True,0,3,3,,B0BSQ9TCYC;B074BMLZTL;B07N8SGDV8,True,0,3,3,,B0BSQ9TCYC;B074BMLZTL;B07N8SGDV8,True,0,3,3,,B0BSQ9TCYC;B074BMLZTL;B07N8SGDV8,True,0,3,3,,B0BSQ9TCYC;B074BMLZTL;B07N8SGDV8,True,0,3,3,,B0BSQ9TCYC;B074BMLZTL;B07N8SGDV8,True,0,3,3,,B0BSQ9TCYC;B074BMLZTL;B07N8SGDV8,True,0,3,3,,B0BSQ9TCYC;B074BMLZTL;B07N8SGDV8,True,0,3,3,,B0BSQ9TCYC;B074BMLZTL;B07N8SGDV8,True,0,3,3,,B0BSQ9TCYC;B074BMLZTL;B07N8SGDV8,True,0,True,1,1,False,3,False,True
public_0066,buying,B0BFLFSB2Y,67,10,other,B07B9PGLMM;B0969QVJNL;B09P77WM2T;B0752XJX83;B0BFLFSB2Y;B09L18HQ3Q;B0185HDV0A;B09X36FBL8;B09X6K67M9;B07CQS7Z7H,True,0,1,1,,B0BFLFSB2Y,True,0,1,1,,B0BFLFSB2Y,True,0,1,1,,B0BFLFSB2Y,True,0,1,1,,B0BFLFSB2Y,True,0,1,1,,B0BFLFSB2Y,True,0,1,1,,B0BFLFSB2Y,True,0,1,1,,B0BFLFSB2Y,True,0,1,1,,B0BFLFSB2Y,True,0,1,1,,B0BFLFSB2Y,True,0,True,1,5,False,1,False,True
public_0067,buying,B09G9BXJZM,22,10,other,B0B7BR44DR;B09S5S7J8D;B00B497V1M;B01FO3KKRU;B0851QQZZH;B00JE9YDD8;B00DPDONTI;B007SGR47Q;B07JZ6WW8N;B073BV7R19,True,0,11,10,color,B0B7BR44DR;B00B497V1M;B01FO3KKRU;B0851QQZZH;B00JE9YDD8;B00DPDONTI;B073BV7R19;B078X291BC;B0751SRBVF;B0751SRBWS,True,0,11,10,size,B0B7BR44DR;B00B497V1M;B01FO3KKRU;B0851QQZZH;B00JE9YDD8;B00DPDONTI;B073BV7R19;B078X291BC;B0751SRBVF;B0751SRBWS,True,0,11,10,budget,B00B497V1M;B01FO3KKRU;B0B7BR44DR;B00DPDONTI;B078X291BC;B0851QQZZH;B073BV7R19;B00JE9YDD8;B0751SRBVF;B0751SRBWS,True,0,11,10,brand,B00B497V1M;B01FO3KKRU;B0B7BR44DR;B00DPDONTI;B078X291BC;B0851QQZZH;B073BV7R19;B00JE9YDD8;B0751SRBVF;B0751SRBWS,True,0,11,10,,B00B497V1M;B01FO3KKRU;B0B7BR44DR;B00DPDONTI;B078X291BC;B0851QQZZH;B073BV7R19;B00JE9YDD8;B0751SRBVF;B0751SRBWS,True,0,11,10,,B00B497V1M;B0B7BR44DR;B01FO3KKRU;B0851QQZZH;B00DPDONTI;B00JE9YDD8;B078X291BC;B073BV7R19;B0751SRBVF;B0751SRBWS,True,0,11,10,,B00B497V1M;B0B7BR44DR;B01FO3KKRU;B0851QQZZH;B00DPDONTI;B00JE9YDD8;B078X291BC;B073BV7R19;B0751SRBVF;B0751SRBWS,True,0,11,10,,B00B497V1M;B0B7BR44DR;B01FO3KKRU;B0851QQZZH;B00DPDONTI;B00JE9YDD8;B078X291BC;B073BV7R19;B0751SRBVF;B0751SRBWS,True,0,11,10,,B00B497V1M;B0B7BR44DR;B01FO3KKRU;B0851QQZZH;B00DPDONTI;B00JE9YDD8;B078X291BC;B073BV7R19;B0751SRBVF;B0751SRBWS,True,0,False,,,True,11,False,False
public_0068,intent_override,B08SH8GF6K,1,1,,B08SH8GF6K,True,0,1,1,,B08SH8GF6K,True,0,103,10,other,B07N15QTKC;B0BQ5B2ZXF;B08G27Z5KT;B078GGN9SM;B01I42AKS2;B077ZGRY8P;B08134XNNB;B015QSA3XE;B09N72WTDH;B07GWQ8BG1,True,1,1,1,,B08SH8GF6K,True,1,1,1,,B08SH8GF6K,True,1,1,1,,B08SH8GF6K,True,1,1,1,,B08SH8GF6K,True,1,1,1,,B08SH8GF6K,True,1,1,1,,B08SH8GF6K,True,1,1,1,,B08SH8GF6K,True,1,True,4,1,False,1,False,True
public_0069,browsing,B07ZFBQ76H,503,10,other,B07KQMTF9M;B01F84MUR8;B06XTC3GNG;B000YGB6WQ;B007Q1EHPK;B01D1WEFEA;B01F84K4QW;B007JXYONA;B01D3OGQ4S;B072YTRHYX,True,0,503,10,feature,B07KQMTF9M;B01F84MUR8;B06XTC3GNG;B000YGB6WQ;B01D1WEFEA;B007Q1EHPK;B01F84K4QW;B007JXYONA;B01D3OGQ4S;B072YTRHYX,True,0,1,1,,B07ZFBQ76H,True,0,1,1,,B07ZFBQ76H,True,0,1,1,,B07ZFBQ76H,True,0,1,1,,B07ZFBQ76H,True,0,1,1,,B07ZFBQ76H,True,0,1,1,,B07ZFBQ76H,True,0,1,1,,B07ZFBQ76H,True,0,1,1,,B07ZFBQ76H,True,0,True,3,1,False,1,False,True
public_0070,browsing,B010LVBVKA,13,10,feature,B007XAI2JG;B00O1FFXH0;B011O8L190;B001COIINO;B079NX86JC;B000R4JP7S;B08T9XMHM7;B017DNFIBW;B074DQK589;B076Q4429C,True,0,1,1,,B010LVBVKA,True,0,1,1,,B010LVBVKA,True,0,1,1,,B010LVBVKA,True,0,1,1,,B010LVBVKA,True,0,1,1,,B010LVBVKA,True,0,1,1,,B010LVBVKA,True,0,1,1,,B010LVBVKA,True,0,1,1,,B010LVBVKA,True,0,1,1,,B010LVBVKA,True,0,True,2,1,False,1,False,True
public_0071,intent_override,B06XRFSDL4,99,10,other,B0C2TSQKTC;B08PP1ZJQ5;B00NZ84SB6;B082P7RP63;B07544428T;B0C582Z9PV;B0BKK1G46R;B0774971JM;B07VQ5GRKH;B07H4PCGMR,True,0,1,1,,B06XRFSDL4,True,0,1,1,,B06XRFSDL4,True,0,135,10,material,B09882214F;B0BTZZZWX7;B01FV283GE;B07QGTHJBV;B099VZRSBD;B01N67CJGX;B09MQPPYWQ;B0BJQHSPFN;B09GDM5TNZ;B07B2J1F3G,True,1,135,10,feature,B09882214F;B0BTZZZWX7;B01FV283GE;B07QGTHJBV;B099VZRSBD;B01N67CJGX;B09MQPPYWQ;B0BJQHSPFN;B09GDM5TNZ;B07B2J1F3G,True,1,11,10,color,B0BKK1G46R;B06XRFSDL4;B09Q318TGL;B0BSFTKSF6;B09C1Z192C;B075DFLDY7;B0BLWFR2JF;B00EVBQ6SO;B07YJVQYKK;B082P7RP63,True,1,11,10,use_case,B0BKK1G46R;B06XRFSDL4;B09Q318TGL;B0BSFTKSF6;B09C1Z192C;B075DFLDY7;B00EVBQ6SO;B0BLWFR2JF;B07YJVQYKK;B082P7RP63,True,1,11,10,style,B0BKK1G46R;B06XRFSDL4;B09Q318TGL;B0BSFTKSF6;B09C1Z192C;B075DFLDY7;B00EVBQ6SO;B0BLWFR2JF;B07YJVQYKK;B082P7RP63,True,1,11,10,size,B0BKK1G46R;B06XRFSDL4;B09Q318TGL;B0BSFTKSF6;B09C1Z192C;B075DFLDY7;B00EVBQ6SO;B0BLWFR2JF;B07YJVQYKK;B082P7RP63,True,1,11,10,,B0BKK1G46R;B06XRFSDL4;B09Q318TGL;B0BSFTKSF6;B09C1Z192C;B075DFLDY7;B00EVBQ6SO;B0BLWFR2JF;B07YJVQYKK;B082P7RP63,True,1,True,6,2,False,11,False,False
public_0072,intent_override,B09JG4V9ZR,2,2,,B07GGLPKN7;B09JG4V9ZR,True,0,2,2,,B07GGLPKN7;B09JG4V9ZR,True,0,1,1,,B09JG4V9ZR,True,1,1,1,,B09JG4V9ZR,True,1,1,1,,B09JG4V9ZR,True,1,1,1,,B09JG4V9ZR,True,1,1,1,,B09JG4V9ZR,True,1,1,1,,B09JG4V9ZR,True,1,1,1,,B09JG4V9ZR,True,1,1,1,,B09JG4V9ZR,True,1,True,3,1,False,1,False,True
public_0073,browsing,B07QPM54V7,769,10,other,B09RVG4Q36;B098251TWN;B00UBTRLLQ;B07YD4MK9Q;B0192MALEG;B07T68Y19Z;B09TR933RK;B07FK8MWLK;B01A7K2JF6;B0B294RG54,True,0,1,1,,B07QPM54V7,True,0,1,1,,B07QPM54V7,True,0,1,1,,B07QPM54V7,True,0,1,1,,B07QPM54V7,True,0,1,1,,B07QPM54V7,True,0,1,1,,B07QPM54V7,True,0,1,1,,B07QPM54V7,True,0,1,1,,B07QPM54V7,True,0,1,1,,B07QPM54V7,True,0,True,2,1,False,1,False,True
public_0074,browsing,B07N15QTKC,342,10,other,B08C52FBYY;B07LHMF6FP;B0BGM1R72N;B00IOT39RA;B07N15QTKC;B0BZJG18G6;B074WDWSMT;B00IJNNYTE;B06WWKK9G8;B086ZNJY8K,True,0,2,2,,B07N15QTKC;B0BQ5B2ZXF,True,0,2,2,,B07N15QTKC;B0BQ5B2ZXF,True,0,2,2,,B07N15QTKC;B0BQ5B2ZXF,True,0,2,2,,B07N15QTKC;B0BQ5B2ZXF,True,0,2,2,,B07N15QTKC;B0BQ5B2ZXF,True,0,2,2,,B07N15QTKC;B0BQ5B2ZXF,True,0,2,2,,B07N15QTKC;B0BQ5B2ZXF,True,0,2,2,,B07N15QTKC;B0BQ5B2ZXF,True,0,2,2,,B07N15QTKC;B0BQ5B2ZXF,True,0,True,1,5,False,2,False,True
public_0075,browsing,B08L13LJ5M,258,10,other,B0BN69RSTD;B07RX2576K;B00X5042IS;B073R3D8L1;B07RX2XYVQ;B07CMGWYD3;B07RZ33BCK;B079QL89YV;B08WKZNFG2;B07SS59XKB,True,0,53,10,feature,B00I1080VW;B07RQSN383;B08L13LJ5M;B07QPQ96L1;B0CHZYH847;B08L13H7SY;B0C4HGYDMF;B071VKQM4X;B01AN2IGQO;B00DR05848,True,0,3,3,,B08L13LJ5M;B07VK1KF5D;B08B818GZR,True,0,3,3,,B08L13LJ5M;B07VK1KF5D;B08B818GZR,True,0,3,3,,B08L13LJ5M;B07VK1KF5D;B08B818GZR,True,0,3,3,,B08L13LJ5M;B07VK1KF5D;B08B818GZR,True,0,3,3,,B08L13LJ5M;B07VK1KF5D;B08B818GZR,True,0,3,3,,B08L13LJ5M;B07VK1KF5D;B08B818GZR,True,0,3,3,,B08L13LJ5M;B07VK1KF5D;B08B818GZR,True,0,3,3,,B08L13LJ5M;B07VK1KF5D;B08B818GZR,True,0,True,2,3,False,3,False,True
public_0076,browsing,B07XT6PLTB,64,10,other,B00G6YQFYY;B00B2O11L0;B07XHGQZ28;B01N0JSVKQ;B00EWZ84V6;B00GXP2JBE;B07X4TY4ZH;B082W39YBW;B082W3HTX9;B06XWPK85F,True,0,8,8,,B07FHF73YF;B07FMWFLJH;B07XT6PLTB;B07DNXYK7D;B079JLLMTY;B07DW2THB1;B07BPBR7ZS;B079786GXZ,True,0,8,8,,B07FHF73YF;B07FMWFLJH;B07XT6PLTB;B07DNXYK7D;B079JLLMTY;B07DW2THB1;B07BPBR7ZS;B079786GXZ,True,0,8,8,,B07FHF73YF;B07BPBR7ZS;B07FMWFLJH;B07XT6PLTB;B07DNXYK7D;B079JLLMTY;B079786GXZ;B07DW2THB1,True,0,8,8,,B07FHF73YF;B07BPBR7ZS;B07FMWFLJH;B07XT6PLTB;B07DNXYK7D;B079JLLMTY;B079786GXZ;B07DW2THB1,True,0,8,8,,B07FHF73YF;B07BPBR7ZS;B07FMWFLJH;B07XT6PLTB;B07DNXYK7D;B079JLLMTY;B079786GXZ;B07DW2THB1,True,0,8,8,,B07FHF73YF;B07FMWFLJH;B07XT6PLTB;B07BPBR7ZS;B07DNXYK7D;B079JLLMTY;B07DW2THB1;B079786GXZ,True,0,8,8,,B07FHF73YF;B07FMWFLJH;B07XT6PLTB;B07BPBR7ZS;B07DNXYK7D;B079JLLMTY;B07DW2THB1;B079786GXZ,True,0,8,8,,B07FHF73YF;B07FMWFLJH;B07XT6PLTB;B07BPBR7ZS;B07DNXYK7D;B079JLLMTY;B07DW2THB1;B079786GXZ,True,0,8,8,,B07FHF73YF;B07FMWFLJH;B07XT6PLTB;B07BPBR7ZS;B07DNXYK7D;B079JLLMTY;B07DW2THB1;B079786GXZ,True,0,True,2,3,False,8,False,True
public_0077,browsing,B077JDSZ27,4,4,,B00B1AHBIC;B077JDSZ27;B08M5NTK64;B004ZWG0XU,True,0,4,4,,B00B1AHBIC;B077JDSZ27;B08M5NTK64;B004ZWG0XU,True,0,4,4,,B00B1AHBIC;B077JDSZ27;B08M5NTK64;B004ZWG0XU,True,0,4,4,,B00B1AHBIC;B077JDSZ27;B08M5NTK64;B004ZWG0XU,True,0,4,4,,B00B1AHBIC;B077JDSZ27;B08M5NTK64;B004ZWG0XU,True,0,4,4,,B00B1AHBIC;B077JDSZ27;B08M5NTK64;B004ZWG0XU,True,0,4,4,,B00B1AHBIC;B077JDSZ27;B08M5NTK64;B004ZWG0XU,True,0,4,4,,B00B1AHBIC;B077JDSZ27;B08M5NTK64;B004ZWG0XU,True,0,4,4,,B00B1AHBIC;B077JDSZ27;B08M5NTK64;B004ZWG0XU,True,0,4,4,,B00B1AHBIC;B077JDSZ27;B08M5NTK64;B004ZWG0XU,True,0,True,1,2,False,4,False,True
public_0078,intent_override,B0C5RLJDSF,8,8,,B0868VHGDC;B06WGR9JTP;B0C5RLJDSF;B082PKZ7DP;B09Z34PD75;B00B2Q9U4S;B0853XV3HR;B09GBKLMQV,True,0,8,8,,B0868VHGDC;B06WGR9JTP;B0C5RLJDSF;B082PKZ7DP;B09Z34PD75;B00B2Q9U4S;B0853XV3HR;B09GBKLMQV,True,0,23,10,other,B0C5RLJDSF;B0C4P8PDM4;B082PKZ7DP;B095WGCF79;B083Z98ZYP;B01M71S0IB;B0722MNYSM;B08664M5ZF;B09Z34PD75;B0C7SMTSMT,True,1,1,1,,B0C5RLJDSF,True,1,1,1,,B0C5RLJDSF,True,1,1,1,,B0C5RLJDSF,True,1,1,1,,B0C5RLJDSF,True,1,1,1,,B0C5RLJDSF,True,1,1,1,,B0C5RLJDSF,True,1,1,1,,B0C5RLJDSF,True,1,True,3,1,False,1,False,True
public_0079,browsing,B0BFRMX3JG,44,10,other,B073WMB67P;B08MW2K4JR;B08H4XXVR5;B09L57XDSW;B08MVTZ8H5;B07DNCSZMV;B009C95YY2;B07G85B33M;B09KMT3PT1;B07C2SDXFQ,True,0,2,2,,B0BFRMX3JG;B0BLWGPKVH,True,0,2,2,,B0BFRMX3JG;B0BLWGPKVH,True,0,2,2,,B0BLWGPKVH;B0BFRMX3JG,True,0,2,2,,B0BLWGPKVH;B0BFRMX3JG,True,0,2,2,,B0BLWGPKVH;B0BFRMX3JG,True,0,2,2,,B0BLWGPKVH;B0BFRMX3JG,True,0,2,2,,B0BLWGPKVH;B0BFRMX3JG,True,0,2,2,,B0BLWGPKVH;B0BFRMX3JG,True,0,2,2,,B0BLWGPKVH;B0BFRMX3JG,True,0,True,2,1,False,2,False,True
public_0080,intent_override,B0BPRQY4CF,67,10,other,B07BHZTVVL;B07C3L3LTQ;B01DICWRPM;B088YJCFTF;B077PYMK3T;B08157YRLC;B00BJBHXF4;B08XVRQQTY;B071H956VX;B00UNV3JNQ,True,0,5,5,,B00HUOI15A;B07HJDBN4L;B07PW4T128;B0BPRQY4CF;B076K8QHTV,True,0,5,5,,B00HUOI15A;B07HJDBN4L;B07PW4T128;B0BPRQY4CF;B076K8QHTV,True,0,83,10,feature,B01JH33KMK;B07C3L3LTQ;B008LIOPTA;B0BXXH77N8;B07BHZTVVL;B00GYZMKE4;B08PNW4LC6;B09FJ3NHQ9;B0BP1XZ3B6;B011DKSOPS,True,1,26,10,material,B0BP1XZ3B6;B07HJDBN4L;B00HUOI15A;B07PW4T128;B0BPRQY4CF;B076K8QHTV;B01N19VS3S;B0BQ4YT2VX;B079M3M2V4;B0CD8SBT4K,True,1,26,10,use_case,B0BP1XZ3B6;B07HJDBN4L;B00HUOI15A;B07PW4T128;B0BPRQY4CF;B076K8QHTV;B01N19VS3S;B0BQ4YT2VX;B079M3M2V4;B0CD8SBT4K,True,1,26,10,style,B0BP1XZ3B6;B07HJDBN4L;B07PW4T128;B00HUOI15A;B0BPRQY4CF;B076K8QHTV;B01N19VS3S;B0BQ4YT2VX;B079M3M2V4;B06Y45LQP3,True,1,26,10,size,B0BP1XZ3B6;B07HJDBN4L;B07PW4T128;B00HUOI15A;B0BPRQY4CF;B076K8QHTV;B01N19VS3S;B0BQ4YT2VX;B079M3M2V4;B06Y45LQP3,True,1,26,10,budget,B0BP1XZ3B6;B07HJDBN4L;B07PW4T128;B00HUOI15A;B0BPRQY4CF;B076K8QHTV;B01N19VS3S;B0BQ4YT2VX;B079M3M2V4;B06Y45LQP3,True,1,26,10,,B0BP1XZ3B6;B07HJDBN4L;B07PW4T128;B00HUOI15A;B0BPRQY4CF;B076K8QHTV;B01N19VS3S;B0BQ4YT2VX;B079M3M2V4;B06Y45LQP3,True,1,True,5,5,False,26,False,False
public_0081,browsing,B0BSS36XCS,46,10,other,B000TGPTOC;B00LUIB2V2;B09Z8RQYF7;B07FHZ5VGS;B017HY4YAI;B06ZYBR3GC;B005CJJHNK;B075WRHFFW;B01LWYIHJE;B017HY3OH2,True,0,20,10,feature,B017HY3OH2;B0036UZNBC;B0038A1A0I;B0BXP6MG3X;B0BSS36XCS;B00ZDK3VGC;B07DQSWHWN;B00YBBN9B6;B008U7KRBW;B09TJR8FN9,True,0,3,3,,B0BSS36XCS;B09TJR8FN9;B00W57TS6S,True,0,3,3,,B0BSS36XCS;B09TJR8FN9;B00W57TS6S,True,0,3,3,,B0BSS36XCS;B09TJR8FN9;B00W57TS6S,True,0,3,3,,B0BSS36XCS;B09TJR8FN9;B00W57TS6S,True,0,3,3,,B0BSS36XCS;B09TJR8FN9;B00W57TS6S,True,0,3,3,,B0BSS36XCS;B09TJR8FN9;B00W57TS6S,True,0,3,3,,B0BSS36XCS;B09TJR8FN9;B00W57TS6S,True,0,3,3,,B0BSS36XCS;B09TJR8FN9;B00W57TS6S,True,0,True,2,5,False,3,False,True
public_0082,buying,B09BPZCWDP,1,1,,B09BPZCWDP,True,0,1,1,,B09BPZCWDP,True,0,1,1,,B09BPZCWDP,True,0,1,1,,B09BPZCWDP,True,0,1,1,,B09BPZCWDP,True,0,1,1,,B09BPZCWDP,True,0,1,1,,B09BPZCWDP,True,0,1,1,,B09BPZCWDP,True,0,1,1,,B09BPZCWDP,True,0,1,1,,B09BPZCWDP,True,0,True,1,1,False,1,False,True
public_0083,buying,B0BPMCJ1RD,317,10,other,B0C9QZMCG7;B08H5R7P2D;B07KDZ3D9K;B09K7T2CRK;B07DCR67LV;B08FKWC9XR;B09BQ5QQT4;B0796QP1WP;B0B3HS4PBQ;B01DDCK9AC,True,0,54,10,color,B08H5R7P2D;B08FKWC9XR;B0BHSP3BR7;B09X2KV5ZW;B07JKR9YK1;B087SD826F;B09Q7G1MMW;B07YWNR2NC;B088TP3QWY;B0B2JPRDMG,True,0,54,10,size,B08H5R7P2D;B08FKWC9XR;B0BHSP3BR7;B09X2KV5ZW;B07JKR9YK1;B087SD826F;B09Q7G1MMW;B07YWNR2NC;B088TP3QWY;B0B2JPRDMG,True,0,54,10,budget,B08H5R7P2D;B08FKWC9XR;B0BHSP3BR7;B09X2KV5ZW;B07JKR9YK1;B087SD826F;B09Q7G1MMW;B07YWNR2NC;B088TP3QWY;B09X1D4CV4,True,0,54,10,brand,B08H5R7P2D;B08FKWC9XR;B0BHSP3BR7;B09X2KV5ZW;B07JKR9YK1;B087SD826F;B09Q7G1MMW;B07YWNR2NC;B088TP3QWY;B09X1D4CV4,True,0,54,10,,B08H5R7P2D;B08FKWC9XR;B0BHSP3BR7;B09X2KV5ZW;B07JKR9YK1;B087SD826F;B09Q7G1MMW;B07YWNR2NC;B088TP3QWY;B09X1D4CV4,True,0,54,10,,B08H5R7P2D;B08FKWC9XR;B0BHSP3BR7;B09X2KV5ZW;B07JKR9YK1;B087SD826F;B09Q7G1MMW;B07YWNR2NC;B088TP3QWY;B0B2JPRDMG,True,0,54,10,,B08H5R7P2D;B08FKWC9XR;B0BHSP3BR7;B09X2KV5ZW;B07JKR9YK1;B087SD826F;B09Q7G1MMW;B07YWNR2NC;B088TP3QWY;B0B2JPRDMG,True,0,54,10,,B08H5R7P2D;B08FKWC9XR;B0BHSP3BR7;B09X2KV5ZW;B07JKR9YK1;B087SD826F;B09Q7G1MMW;B07YWNR2NC;B088TP3QWY;B0B2JPRDMG,True,0,54,10,,B08H5R7P2D;B08FKWC9XR;B0BHSP3BR7;B09X2KV5ZW;B07JKR9YK1;B087SD826F;B09Q7G1MMW;B07YWNR2NC;B088TP3QWY;B0B2JPRDMG,True,0,False,,,True,54,False,False
public_0084,intent_override,B08WKZNFG2,8,8,,B08WKZNFG2;B01IC51E4K;B001FOR2DS;B016KJE6FE;B00JW0AYXW;B008C1X9QG;B00NFDCLEC;B0062ODJ10,True,0,8,8,,B08WKZNFG2;B01IC51E4K;B001FOR2DS;B016KJE6FE;B00JW0AYXW;B008C1X9QG;B00NFDCLEC;B0062ODJ10,True,0,8,8,,B08WKZNFG2;B01IC51E4K;B001FOR2DS;B016KJE6FE;B00JW0AYXW;B008C1X9QG;B00NFDCLEC;B0062ODJ10,True,0,12,10,other,B08WKZNFG2;B0B71T4L93;B00DCYEJFI;B0BRVFND5P;B07CVR3PJS;B07PHPPMFW;B07BP2J7MB;B071WRD4HY;B07X5SPJT6;B09ZYDW9K3,True,1,1,1,,B08WKZNFG2,True,1,1,1,,B08WKZNFG2,True,1,1,1,,B08WKZNFG2,True,1,1,1,,B08WKZNFG2,True,1,1,1,,B08WKZNFG2,True,1,1,1,,B08WKZNFG2,True,1,True,4,1,False,1,False,True
public_0085,browsing,B0C3YJMRRD,190,10,feature,B07WSNM7X9;B081SSBG6X;B0BKS2CDS5;B0C688JWVM;B004BJ87VA;B08VF983NG;B071K7TFQV;B09132PQ2N;B092MWZZ8W;B08WZ4Z457,True,0,1,1,,B0C3YJMRRD,True,0,1,1,,B0C3YJMRRD,True,0,1,1,,B0C3YJMRRD,True,0,1,1,,B0C3YJMRRD,True,0,1,1,,B0C3YJMRRD,True,0,1,1,,B0C3YJMRRD,True,0,1,1,,B0C3YJMRRD,True,0,1,1,,B0C3YJMRRD,True,0,1,1,,B0C3YJMRRD,True,0,True,2,1,False,1,False,True
public_0086,browsing,B07WN8N9Q7,538,10,other,B0743PTXSY;B073XTGY2T;B07DH2BLJJ;B0B4W37CRS;B0C6BL4RNN;B00GS5AY84;B08X2X83DW;B07C1Q7P9L;B00VBG9XCS;B08N6VDT2H,True,0,1,1,,B07WN8N9Q7,True,0,1,1,,B07WN8N9Q7,True,0,1,1,,B07WN8N9Q7,True,0,1,1,,B07WN8N9Q7,True,0,1,1,,B07WN8N9Q7,True,0,1,1,,B07WN8N9Q7,True,0,1,1,,B07WN8N9Q7,True,0,1,1,,B07WN8N9Q7,True,0,1,1,,B07WN8N9Q7,True,0,True,2,1,False,1,False,True
public_0087,browsing,B0BT158RRR,288,10,other,B07N6RBPMF;B09WDNF6P6;B01CUS7BRO;B08RXFZM7D;B0BBV7FK69;B07HNRYMTY;B08KSH4DSN;B099WK75K5;B07PBVJ95M;B0B49VLFQQ,True,0,117,10,feature,B00GSQZWFI;B0083VPQBQ;B083P59SHF;B08B1DF398;B00OAYY5G2;B07PMV29LB;B01K29O6TO;B00HW0MACC;B073HYLBL5;B07CJMH767,True,0,47,10,use_case,B009FWGUO4;B07JH72TND;B0BT158RRR;B07SHVBHXL;B08DWLNBWD;B08DSWWW7K;B00LNCECL2;B092QQ8Y27;B07KQ4PF54;B07NK8PMNJ,True,0,47,10,style,B009FWGUO4;B07JH72TND;B0BT158RRR;B07SHVBHXL;B08DWLNBWD;B00LNCECL2;B07KQ4PF54;B092QQ8Y27;B08DSWWW7K;B07NK8PMNJ,True,0,47,10,material,B009FWGUO4;B07JH72TND;B0BT158RRR;B07SHVBHXL;B08DWLNBWD;B00LNCECL2;B07KQ4PF54;B092QQ8Y27;B08DSWWW7K;B07NK8PMNJ,True,0,47,10,size,B009FWGUO4;B07JH72TND;B0BT158RRR;B07SHVBHXL;B08DWLNBWD;B00LNCECL2;B07KQ4PF54;B092QQ8Y27;B08DSWWW7K;B07NK8PMNJ,True,0,47,10,budget,B009FWGUO4;B07JH72TND;B0BT158RRR;B07SHVBHXL;B08DWLNBWD;B00LNCECL2;B08DSWWW7K;B092QQ8Y27;B07KQ4PF54;B07NK8PMNJ,True,0,47,10,brand,B009FWGUO4;B07JH72TND;B0BT158RRR;B07SHVBHXL;B08DWLNBWD;B00LNCECL2;B08DSWWW7K;B092QQ8Y27;B07KQ4PF54;B07NK8PMNJ,True,0,47,10,color,B009FWGUO4;B07JH72TND;B0BT158RRR;B07SHVBHXL;B08DWLNBWD;B00LNCECL2;B08DSWWW7K;B092QQ8Y27;B07KQ4PF54;B07NK8PMNJ,True,0,47,10,,B009FWGUO4;B07JH72TND;B0BT158RRR;B07SHVBHXL;B08DWLNBWD;B00LNCECL2;B08DSWWW7K;B092QQ8Y27;B07KQ4PF54;B07NK8PMNJ,True,0,True,3,3,False,47,False,False
public_0088,buying,B07Z6J5N6Y,15,10,other,B0BQC2NRG2;B07Z6J5N6Y;B004IYFT28;B07CH3VM3D;B07K21Z6BY;B07FD5ZWXC;B010S8DWNK;B010S8E3HO;B0897FWZG1;B00C3UPPLY,True,0,1,1,,B07Z6J5N6Y,True,0,1,1,,B07Z6J5N6Y,True,0,1,1,,B07Z6J5N6Y,True,0,1,1,,B07Z6J5N6Y,True,0,1,1,,B07Z6J5N6Y,True,0,1,1,,B07Z6J5N6Y,True,0,1,1,,B07Z6J5N6Y,True,0,1,1,,B07Z6J5N6Y,True,0,1,1,,B07Z6J5N6Y,True,0,True,1,2,False,1,False,True
public_0089,intent_override,B0BXMCZLZV,1,1,,B0BXMCZLZV,True,0,1,1,,B0BXMCZLZV,True,0,10,10,,B07X2DQKTZ;B0BXMCZLZV;B07TTR77FF;B008V1XNSG;B077ZK6163;B004VM5WDI;B002B23SK4;B09XT5HRBD;B08BJS2JMQ;B08DRTD95Y,True,1,10,10,,B07X2DQKTZ;B0BXMCZLZV;B07TTR77FF;B008V1XNSG;B077ZK6163;B004VM5WDI;B002B23SK4;B09XT5HRBD;B08BJS2JMQ;B08DRTD95Y,True,1,10,10,,B07X2DQKTZ;B0BXMCZLZV;B07TTR77FF;B008V1XNSG;B077ZK6163;B004VM5WDI;B002B23SK4;B09XT5HRBD;B08BJS2JMQ;B08DRTD95Y,True,1,10,10,,B07X2DQKTZ;B0BXMCZLZV;B07TTR77FF;B008V1XNSG;B077ZK6163;B004VM5WDI;B002B23SK4;B09XT5HRBD;B08BJS2JMQ;B08DRTD95Y,True,1,10,10,,B07X2DQKTZ;B0BXMCZLZV;B07TTR77FF;B008V1XNSG;B077ZK6163;B004VM5WDI;B002B23SK4;B09XT5HRBD;B08BJS2JMQ;B08DRTD95Y,True,1,10,10,,B07X2DQKTZ;B0BXMCZLZV;B07TTR77FF;B008V1XNSG;B077ZK6163;B004VM5WDI;B002B23SK4;B09XT5HRBD;B08BJS2JMQ;B08DRTD95Y,True,1,10,10,,B07X2DQKTZ;B0BXMCZLZV;B07TTR77FF;B008V1XNSG;B077ZK6163;B004VM5WDI;B002B23SK4;B09XT5HRBD;B08BJS2JMQ;B08DRTD95Y,True,1,10,10,,B07X2DQKTZ;B0BXMCZLZV;B07TTR77FF;B008V1XNSG;B077ZK6163;B004VM5WDI;B002B23SK4;B09XT5HRBD;B08BJS2JMQ;B08DRTD95Y,True,1,True,3,2,False,10,True,True
public_0090,buying,B07MGR6D5M,1,1,,B07MGR6D5M,True,0,1,1,,B07MGR6D5M,True,0,1,1,,B07MGR6D5M,True,0,1,1,,B07MGR6D5M,True,0,1,1,,B07MGR6D5M,True,0,1,1,,B07MGR6D5M,True,0,1,1,,B07MGR6D5M,True,0,1,1,,B07MGR6D5M,True,0,1,1,,B07MGR6D5M,True,0,1,1,,B07MGR6D5M,True,0,True,1,1,False,1,False,True
public_0091,browsing,B0C5XB43GG,112,10,other,B01LSMHKWY;B0834XVZ8S;B09KBX6WJG;B08Z6TFWJR;B002IVUKIQ;B07Y8BFSPP;B07P1QCZQ5;B001QTL5GC;B07CZYM8HD;B00Z5VSW6S,True,0,1,1,,B0C5XB43GG,True,0,1,1,,B0C5XB43GG,True,0,1,1,,B0C5XB43GG,True,0,1,1,,B0C5XB43GG,True,0,1,1,,B0C5XB43GG,True,0,1,1,,B0C5XB43GG,True,0,1,1,,B0C5XB43GG,True,0,1,1,,B0C5XB43GG,True,0,1,1,,B0C5XB43GG,True,0,True,2,1,False,1,False,True
public_0092,browsing,B07FKNZC43,284,10,other,B0B2RKCGK2;B09HHD3PRG;B088Q188GN;B0BL2H1XFD;B08QYV5MXB;B087JTYGPR;B081VGG2SQ;B088QBNYVB;B0724ZFRCS;B07BW886NZ,True,0,10,10,,B0C5MH6KT2;B096X9M1TT;B08QJ5K69H;B09M3YXM5G;B08889Q88B;B07N13M32R;B08VVCJKPW;B07FKNZC43;B08GX2JLWL;B08LDKWB1F,True,0,10,10,,B0C5MH6KT2;B096X9M1TT;B08QJ5K69H;B09M3YXM5G;B08889Q88B;B07N13M32R;B08VVCJKPW;B07FKNZC43;B08GX2JLWL;B08LDKWB1F,True,0,10,10,,B0C5MH6KT2;B096X9M1TT;B08QJ5K69H;B09M3YXM5G;B08889Q88B;B08VVCJKPW;B07N13M32R;B08GX2JLWL;B07FKNZC43;B08LDKWB1F,True,0,10,10,,B0C5MH6KT2;B096X9M1TT;B08QJ5K69H;B09M3YXM5G;B08889Q88B;B08VVCJKPW;B07N13M32R;B08GX2JLWL;B07FKNZC43;B08LDKWB1F,True,0,10,10,,B0C5MH6KT2;B096X9M1TT;B08QJ5K69H;B09M3YXM5G;B08889Q88B;B08VVCJKPW;B07N13M32R;B08GX2JLWL;B07FKNZC43;B08LDKWB1F,True,0,10,10,,B0C5MH6KT2;B096X9M1TT;B09M3YXM5G;B08QJ5K69H;B08889Q88B;B07N13M32R;B08VVCJKPW;B08GX2JLWL;B07FKNZC43;B08LDKWB1F,True,0,10,10,,B0C5MH6KT2;B096X9M1TT;B09M3YXM5G;B08QJ5K69H;B08889Q88B;B07N13M32R;B08VVCJKPW;B08GX2JLWL;B07FKNZC43;B08LDKWB1F,True,0,10,10,,B0C5MH6KT2;B096X9M1TT;B09M3YXM5G;B08QJ5K69H;B08889Q88B;B07N13M32R;B08VVCJKPW;B08GX2JLWL;B07FKNZC43;B08LDKWB1F,True,0,10,10,,B0C5MH6KT2;B096X9M1TT;B09M3YXM5G;B08QJ5K69H;B08889Q88B;B07N13M32R;B08VVCJKPW;B08GX2JLWL;B07FKNZC43;B08LDKWB1F,True,0,True,2,8,False,10,True,True
public_0093,buying,B07PYB8F1G,32,10,other,B07PYB8F1G;B09CM4MF7M;B088YP2LW8;B09TGKBFCM;B00008ID1A;B07X9V6HZX;B0BKPTWKN4;B000VCGC4U;B07XXMJ4JV;B093STRF2L,True,0,1,1,,B07PYB8F1G,True,0,1,1,,B07PYB8F1G,True,0,1,1,,B07PYB8F1G,True,0,1,1,,B07PYB8F1G,True,0,1,1,,B07PYB8F1G,True,0,1,1,,B07PYB8F1G,True,0,1,1,,B07PYB8F1G,True,0,1,1,,B07PYB8F1G,True,0,1,1,,B07PYB8F1G,True,0,True,1,1,False,1,False,True
public_0094,buying,B01L99SW78,64,10,other,B07589C9TH;B00MOTXUC0;B0B71QDCHC;B079MSN9X3;B0098BNL58;B07KW31YGZ;B08M68Q4J5;B005CKH75E;B005IFCZ6O;B0B8YZ9HMD,True,0,1,1,,B01L99SW78,True,0,1,1,,B01L99SW78,True,0,1,1,,B01L99SW78,True,0,1,1,,B01L99SW78,True,0,1,1,,B01L99SW78,True,0,1,1,,B01L99SW78,True,0,1,1,,B01L99SW78,True,0,1,1,,B01L99SW78,True,0,1,1,,B01L99SW78,True,0,True,2,1,False,1,False,True
public_0095,buying,B09N78FT2W,124,10,other,B0BDDWSPYR;B0B89SD66J;B0785RCKBT;B015HJOOZU;B072F9296R;B0972SXG3T;B01LXU7A2B;B078GTKXFC;B0BJJHSLHY;B07YZR3MKW,True,0,1,1,,B09N78FT2W,True,0,1,1,,B09N78FT2W,True,0,1,1,,B09N78FT2W,True,0,1,1,,B09N78FT2W,True,0,1,1,,B09N78FT2W,True,0,1,1,,B09N78FT2W,True,0,1,1,,B09N78FT2W,True,0,1,1,,B09N78FT2W,True,0,1,1,,B09N78FT2W,True,0,True,2,1,False,1,False,True
public_0096,intent_override,B074K2QX3M,405,10,other,B0773D2VGZ;B0774DY7BL;B0921NQML6;B0C1FBGLQT;B076DBRHVR;B09D16VZX3;B07T176VN1;B09DGCMCMR;B076Q6T9W4;B0CGRC72YG,True,0,9,9,,B074K2QX3M;B016L48MBC;B08QJCXXH6;B09ZVM41GS;B01KKQLXW2;B07W4W6QNM;B0928PSTGY;B08YR5M6C4;B09WMM6S2G,True,0,244,10,material,B0921NQML6;B0773D2VGZ;B09DGCMCMR;B0C1FBGLQT;B0CGRC72YG;B0774DY7BL;B09D16VZX3;B00DGF8RP6;B0872RV848;B00CSCFJ0Y,True,1,244,10,feature,B0921NQML6;B0773D2VGZ;B0C1FBGLQT;B0CGRC72YG;B09DGCMCMR;B0872RV848;B00DGF8RP6;B09D16VZX3;B00CSCFJ0Y;B0774DY7BL,True,1,24,10,use_case,B0C1FBGLQT;B0CGRC72YG;B074K2QX3M;B09XJDLX5F;B08NPT6P2Z;B07BJM5T7K;B07W4W6QNM;B0BX1C7Z5L;B01KKQLXW2;B01EL4L6KI,True,1,24,10,style,B0C1FBGLQT;B0CGRC72YG;B074K2QX3M;B09XJDLX5F;B08NPT6P2Z;B07BJM5T7K;B07W4W6QNM;B0BX1C7Z5L;B01KKQLXW2;B01EL4L6KI,True,1,24,10,size,B0C1FBGLQT;B0CGRC72YG;B074K2QX3M;B09XJDLX5F;B08NPT6P2Z;B07BJM5T7K;B07W4W6QNM;B0BX1C7Z5L;B01KKQLXW2;B01EL4L6KI,True,1,24,10,budget,B0C1FBGLQT;B0CGRC72YG;B074K2QX3M;B09XJDLX5F;B08NPT6P2Z;B07BJM5T7K;B07W4W6QNM;B0BX1C7Z5L;B01KKQLXW2;B01EL4L6KI,True,1,24,10,brand,B0C1FBGLQT;B0CGRC72YG;B074K2QX3M;B09XJDLX5F;B08NPT6P2Z;B07BJM5T7K;B07W4W6QNM;B0BX1C7Z5L;B01KKQLXW2;B01EL4L6KI,True,1,24,10,,B0C1FBGLQT;B0CGRC72YG;B074K2QX3M;B09XJDLX5F;B08NPT6P2Z;B07BJM5T7K;B07W4W6QNM;B0BX1C7Z5L;B01KKQLXW2;B01EL4L6KI,True,1,True,5,3,False,24,False,False
public_0097,buying,B0785RCKBT,124,10,other,B0BDDWSPYR;B0B89SD66J;B0785RCKBT;B015HJOOZU;B072F9296R;B0972SXG3T;B01LXU7A2B;B078GTKXFC;B0BJJHSLHY;B07YZR3MKW,True,0,2,2,,B0785RCKBT;B06X1CNL76,True,0,2,2,,B0785RCKBT;B06X1CNL76,True,0,2,2,,B0785RCKBT;B06X1CNL76,True,0,2,2,,B0785RCKBT;B06X1CNL76,True,0,2,2,,B0785RCKBT;B06X1CNL76,True,0,2,2,,B0785RCKBT;B06X1CNL76,True,0,2,2,,B0785RCKBT;B06X1CNL76,True,0,2,2,,B0785RCKBT;B06X1CNL76,True,0,2,2,,B0785RCKBT;B06X1CNL76,True,0,True,1,3,False,2,False,True
public_0098,browsing,B08CZ34D75,522,10,other,B0053ETPVI;B00JRT66QC;B01F1KAX7I;B00SXCU49Y;B07GW8588C;B07DDND5YC;B00KUE239M;B010N12QKW;B00V41DRI6;B009XGBDO4,True,0,1,1,,B08CZ34D75,True,0,1,1,,B08CZ34D75,True,0,1,1,,B08CZ34D75,True,0,1,1,,B08CZ34D75,True,0,1,1,,B08CZ34D75,True,0,1,1,,B08CZ34D75,True,0,1,1,,B08CZ34D75,True,0,1,1,,B08CZ34D75,True,0,1,1,,B08CZ34D75,True,0,True,2,1,False,1,False,True
public_0099,browsing,B0971YMPCR,127,10,other,B004I8VWA2;B078K2MVZC;B07X48JFV1;B07Y8F4JTC;B09H34Q9SQ;B0014H5JXG;B01N46FD1C;B0BJTHV9YD;B07W73CSSH;B074XGM22G,True,0,5,5,,B09GL65W9V;B0971YMPCR;B084GFK3GR;B07CGLPT17;B0716XGGKN,True,0,5,5,,B09GL65W9V;B0971YMPCR;B084GFK3GR;B07CGLPT17;B0716XGGKN,True,0,5,5,,B09GL65W9V;B0971YMPCR;B084GFK3GR;B07CGLPT17;B0716XGGKN,True,0,5,5,,B09GL65W9V;B0971YMPCR;B084GFK3GR;B07CGLPT17;B0716XGGKN,True,0,5,5,,B09GL65W9V;B0971YMPCR;B084GFK3GR;B07CGLPT17;B0716XGGKN,True,0,5,5,,B09GL65W9V;B0971YMPCR;B084GFK3GR;B07CGLPT17;B0716XGGKN,True,0,5,5,,B09GL65W9V;B0971YMPCR;B084GFK3GR;B07CGLPT17;B0716XGGKN,True,0,5,5,,B09GL65W9V;B0971YMPCR;B084GFK3GR;B07CGLPT17;B0716XGGKN,True,0,5,5,,B09GL65W9V;B0971YMPCR;B084GFK3GR;B07CGLPT17;B0716XGGKN,True,0,True,2,2,False,5,False,True
public_0100,browsing,B002OHE4D6,665,10,feature,B00IMOFW04;B087S13L3Q;B09VRSZ81X;B09GF1RWH5;B09NPHF9M6;B0BBQS1N1S;B07YGRMJRR;B07D2WHSKQ;B09B9ST61H;B087ZN32SR,True,0,1,1,,B002OHE4D6,True,0,1,1,,B002OHE4D6,True,0,1,1,,B002OHE4D6,True,0,1,1,,B002OHE4D6,True,0,1,1,,B002OHE4D6,True,0,1,1,,B002OHE4D6,True,0,1,1,,B002OHE4D6,True,0,1,1,,B002OHE4D6,True,0,1,1,,B002OHE4D6,True,0,True,2,1,False,1,False,True
public_0101,buying,B07QMS8TX8,14,10,other,B07QMS8TX8;B01MQUDPPO;B01FON9H5G;B07MR3H7H1;B00UYE32DO;B01CFX0G3K;B0082153QU;B078XJN2ZS;B01GGH20BC;B08GR3VKSN,True,0,1,1,,B07QMS8TX8,True,0,1,1,,B07QMS8TX8,True,0,1,1,,B07QMS8TX8,True,0,1,1,,B07QMS8TX8,True,0,1,1,,B07QMS8TX8,True,0,1,1,,B07QMS8TX8,True,0,1,1,,B07QMS8TX8,True,0,1,1,,B07QMS8TX8,True,0,1,1,,B07QMS8TX8,True,0,True,1,1,False,1,False,True
public_0102,browsing,B07PWZXZVX,230,10,other,B082FHFS69;B06ZYQQVFK;B07DXQRHLN;B08ZKFD4GM;B0BPCC1KBT;B01CNE24VS;B01BGZ9SBY;B074Q3RDKR;B09D8N6Q4Z;B07F22ZZDG,True,0,1,1,,B07PWZXZVX,True,0,1,1,,B07PWZXZVX,True,0,1,1,,B07PWZXZVX,True,0,1,1,,B07PWZXZVX,True,0,1,1,,B07PWZXZVX,True,0,1,1,,B07PWZXZVX,True,0,1,1,,B07PWZXZVX,True,0,1,1,,B07PWZXZVX,True,0,1,1,,B07PWZXZVX,True,0,True,2,1,False,1,False,True
public_0103,intent_override,B0BT8T2FQ3,21,10,material,B000TGPTOC;B07HYJZKW4;B00LUIB2V2;B0CKQ3CKZH;B00BXWQIAA;B00L10BT3A;B008VPRDM4;B07CGSLYVL;B00KDC6VVW;B0BXP6MG3X,True,0,9,9,,B0BXP6MG3X;B008U7KRBW;B07DQSWHWN;B0BT8T2FQ3;B00F0TO1S8;B09JVB9G5P;B00YBBN9B6;B07HC5LL2H;B07DJSPRYY,True,0,9,9,,B0BXP6MG3X;B008U7KRBW;B07DQSWHWN;B0BT8T2FQ3;B00F0TO1S8;B09JVB9G5P;B00YBBN9B6;B07HC5LL2H;B07DJSPRYY,True,0,34,10,other,B017HY3OH2;B017HY4YAI;B01LWYIHJE;B0036UZNBC;B0CKQ3CKZH;B0BXP6MG3X;B0038A1A0I;B07HYJZKW4;B00M798WWA;B0BSS36XCS,True,1,4,4,,B07HYJZKW4;B008U7KRBW;B00KDC6VVW;B0BT8T2FQ3,True,1,4,4,,B07HYJZKW4;B008U7KRBW;B00KDC6VVW;B0BT8T2FQ3,True,1,4,4,,B07HYJZKW4;B008U7KRBW;B00KDC6VVW;B0BT8T2FQ3,True,1,4,4,,B07HYJZKW4;B008U7KRBW;B00KDC6VVW;B0BT8T2FQ3,True,1,4,4,,B07HYJZKW4;B008U7KRBW;B00KDC6VVW;B0BT8T2FQ3,True,1,4,4,,B07HYJZKW4;B008U7KRBW;B00KDC6VVW;B0BT8T2FQ3,True,1,True,5,4,False,4,False,True
public_0104,boundary,B00QSAICLU,55,10,other,B09XWXVTJQ;B01MS40UOI;B00W288QAY;B00C1WV6J4;B00PR3SVBA;B09Q1NN2Q7;B0749183LY;B06W5GXN8N;B00FS70LL8;B097Q3NX2D,True,0,55,10,feature,B09XWXVTJQ;B01MS40UOI;B00W288QAY;B00C1WV6J4;B00PR3SVBA;B09Q1NN2Q7;B0749183LY;B06W5GXN8N;B00FS70LL8;B01GK6GCUO,True,0,1,1,,B00QSAICLU,True,0,1,1,,B00QSAICLU,True,0,1,1,,B00QSAICLU,True,0,1,1,,B00QSAICLU,True,0,1,1,,B00QSAICLU,True,0,1,1,,B00QSAICLU,True,0,1,1,,B00QSAICLU,True,0,1,1,,B00QSAICLU,True,0,True,3,1,False,1,False,True
public_0105,browsing,B07Q46M2J2,263,10,other,B07N85V7YS;B08F5KNLCB;B07BXVTF4R;B0BDDWSPYR;B015HJOOZU;B0BFS2LF46;B00RQZO5EE;B07THMZZGM;B00PXCNPAM;B07Y9CHWNR,True,0,2,2,,B07Q46M2J2;B086PW98YT,True,0,2,2,,B07Q46M2J2;B086PW98YT,True,0,2,2,,B07Q46M2J2;B086PW98YT,True,0,2,2,,B07Q46M2J2;B086PW98YT,True,0,2,2,,B07Q46M2J2;B086PW98YT,True,0,2,2,,B07Q46M2J2;B086PW98YT,True,0,2,2,,B07Q46M2J2;B086PW98YT,True,0,2,2,,B07Q46M2J2;B086PW98YT,True,0,2,2,,B07Q46M2J2;B086PW98YT,True,0,True,2,1,False,2,False,True
public_0106,buying,B0776SVXW9,30,10,other,B09DJ9H1WB;B09TQ1R2CB;B0B67T4QRV;B07QXJ6J3F;B09RF51RWC;B00UKXH1XG;B07C24QYMM;B00EFYU8PO;B09F9FZ6DY;B014X2BRPM,True,0,3,3,,B01HWNHYI8;B0776SVXW9;B08P99CVYR,True,0,3,3,,B01HWNHYI8;B0776SVXW9;B08P99CVYR,True,0,3,3,,B01HWNHYI8;B0776SVXW9;B08P99CVYR,True,0,3,3,,B01HWNHYI8;B0776SVXW9;B08P99CVYR,True,0,3,3,,B01HWNHYI8;B0776SVXW9;B08P99CVYR,True,0,3,3,,B01HWNHYI8;B0776SVXW9;B08P99CVYR,True,0,3,3,,B01HWNHYI8;B0776SVXW9;B08P99CVYR,True,0,3,3,,B01HWNHYI8;B0776SVXW9;B08P99CVYR,True,0,3,3,,B01HWNHYI8;B0776SVXW9;B08P99CVYR,True,0,True,2,2,False,3,False,True
public_0107,buying,B01KPFK9ZA,4,4,,B00R6RX700;B004QS8TFK;B073X8SH4Z;B01KPFK9ZA,True,0,4,4,,B00R6RX700;B004QS8TFK;B073X8SH4Z;B01KPFK9ZA,True,0,4,4,,B00R6RX700;B004QS8TFK;B073X8SH4Z;B01KPFK9ZA,True,0,4,4,,B00R6RX700;B004QS8TFK;B073X8SH4Z;B01KPFK9ZA,True,0,4,4,,B00R6RX700;B004QS8TFK;B073X8SH4Z;B01KPFK9ZA,True,0,4,4,,B00R6RX700;B004QS8TFK;B073X8SH4Z;B01KPFK9ZA,True,0,4,4,,B00R6RX700;B004QS8TFK;B073X8SH4Z;B01KPFK9ZA,True,0,4,4,,B00R6RX700;B004QS8TFK;B073X8SH4Z;B01KPFK9ZA,True,0,4,4,,B00R6RX700;B004QS8TFK;B073X8SH4Z;B01KPFK9ZA,True,0,4,4,,B00R6RX700;B004QS8TFK;B073X8SH4Z;B01KPFK9ZA,True,0,True,1,4,False,4,False,True
public_0108,buying,B01I21CI7G,3,3,,B00LXU7LVW;B01I21CI7G;B004HHNN9M,True,0,3,3,,B00LXU7LVW;B01I21CI7G;B004HHNN9M,True,0,3,3,,B00LXU7LVW;B01I21CI7G;B004HHNN9M,True,0,3,3,,B00LXU7LVW;B01I21CI7G;B004HHNN9M,True,0,3,3,,B00LXU7LVW;B01I21CI7G;B004HHNN9M,True,0,3,3,,B00LXU7LVW;B01I21CI7G;B004HHNN9M,True,0,3,3,,B00LXU7LVW;B01I21CI7G;B004HHNN9M,True,0,3,3,,B00LXU7LVW;B01I21CI7G;B004HHNN9M,True,0,3,3,,B00LXU7LVW;B01I21CI7G;B004HHNN9M,True,0,3,3,,B00LXU7LVW;B01I21CI7G;B004HHNN9M,True,0,True,1,2,False,3,False,True
public_0109,buying,B016OT9D3K,208,10,other,B01CDFPFTU;B0009GI3CM;B016OT9D3K;B07PZ8JR4C;B07L51LQKH;B07G8FW435;B09RVKH3BZ;B08MHTVRFF;B09B6TVMQC;B0009GCUIU,True,0,1,1,,B016OT9D3K,True,0,1,1,,B016OT9D3K,True,0,1,1,,B016OT9D3K,True,0,1,1,,B016OT9D3K,True,0,1,1,,B016OT9D3K,True,0,1,1,,B016OT9D3K,True,0,1,1,,B016OT9D3K,True,0,1,1,,B016OT9D3K,True,0,1,1,,B016OT9D3K,True,0,True,1,3,False,1,False,True
public_0110,browsing,B0C277G9FW,276,10,other,B00QGE5WCA;B0B7F884XV;B079NPS3D4;B00J3B1O52;B00IUBEFZC;B07D4NZ324;B00LTY074K;B074RLSFKX;B01ALRO2D2;B09J23YJ8N,True,0,1,1,,B0C277G9FW,True,0,1,1,,B0C277G9FW,True,0,1,1,,B0C277G9FW,True,0,1,1,,B0C277G9FW,True,0,1,1,,B0C277G9FW,True,0,1,1,,B0C277G9FW,True,0,1,1,,B0C277G9FW,True,0,1,1,,B0C277G9FW,True,0,1,1,,B0C277G9FW,True,0,True,2,1,False,1,False,True
public_0111,buying,B07H7BWMQF,106,10,other,B08LZQJCWZ;B0BDL17BCN;B09KV13F1F;B0B1H4NYQH;B00G2JIVFY;B075385L4K;B07ZB6MJ3G;B07XDBDJ6W;B09BD2Z2C2;B07BP7RHVH,True,0,1,1,,B07H7BWMQF,True,0,1,1,,B07H7BWMQF,True,0,1,1,,B07H7BWMQF,True,0,1,1,,B07H7BWMQF,True,0,1,1,,B07H7BWMQF,True,0,1,1,,B07H7BWMQF,True,0,1,1,,B07H7BWMQF,True,0,1,1,,B07H7BWMQF,True,0,1,1,,B07H7BWMQF,True,0,True,2,1,False,1,False,True
public_0112,boundary,B086ZNJY8K,342,10,other,B08C52FBYY;B07LHMF6FP;B0BGM1R72N;B00IOT39RA;B07N15QTKC;B0BZJG18G6;B074WDWSMT;B00IJNNYTE;B06WWKK9G8;B086ZNJY8K,True,0,342,10,feature,B08C52FBYY;B07LHMF6FP;B0BGM1R72N;B07N15QTKC;B00IOT39RA;B074WDWSMT;B0BZJG18G6;B00IJNNYTE;B0BQ5B2ZXF;B086ZNJY8K,True,0,1,1,,B086ZNJY8K,True,0,1,1,,B086ZNJY8K,True,0,1,1,,B086ZNJY8K,True,0,1,1,,B086ZNJY8K,True,0,1,1,,B086ZNJY8K,True,0,1,1,,B086ZNJY8K,True,0,1,1,,B086ZNJY8K,True,0,1,1,,B086ZNJY8K,True,0,True,1,10,False,1,False,True
public_0113,browsing,B08CTFPBN5,538,10,other,B0743PTXSY;B073XTGY2T;B07DH2BLJJ;B0B4W37CRS;B0C6BL4RNN;B00GS5AY84;B08X2X83DW;B07C1Q7P9L;B00VBG9XCS;B08N6VDT2H,True,0,1,1,,B08CTFPBN5,True,0,1,1,,B08CTFPBN5,True,0,1,1,,B08CTFPBN5,True,0,1,1,,B08CTFPBN5,True,0,1,1,,B08CTFPBN5,True,0,1,1,,B08CTFPBN5,True,0,1,1,,B08CTFPBN5,True,0,1,1,,B08CTFPBN5,True,0,1,1,,B08CTFPBN5,True,0,True,2,1,False,1,False,True
public_0114,buying,B07H34Z5V6,534,10,other,B0CB3WFW3L;B0BKR754VG;B09PC6YHPP;B0BV6L63T4;B06VSJ5QBR;B07H34Z5V6;B09RHPGHV3;B0C677SDSK;B07S2Y3THP;B076898QZJ,True,0,1,1,,B07H34Z5V6,True,0,1,1,,B07H34Z5V6,True,0,1,1,,B07H34Z5V6,True,0,1,1,,B07H34Z5V6,True,0,1,1,,B07H34Z5V6,True,0,1,1,,B07H34Z5V6,True,0,1,1,,B07H34Z5V6,True,0,1,1,,B07H34Z5V6,True,0,1,1,,B07H34Z5V6,True,0,True,1,6,False,1,False,True
public_0115,browsing,B08VWZBYPY,178,10,other,B07C4V7FWW;B085FML2HF;B09RW3T215;B01COS3TIU;B0963V1PYN;B07C7G175Z;B08J7GVYQP;B08X73Q126;B07V4TVM9Y;B07ZHJJ62N,True,0,10,10,,B00HJQH5GA;B08786GMGG;B08VWZBYPY;B093SQWKKH;B01N591VOO;B07RWB95CX;B08NXKWF2R;B07KLQFHBP;B07X7ND7T7;B09H6WGYLN,True,0,10,10,,B00HJQH5GA;B08786GMGG;B08VWZBYPY;B093SQWKKH;B01N591VOO;B07RWB95CX;B08NXKWF2R;B07KLQFHBP;B07X7ND7T7;B09H6WGYLN,True,0,10,10,,B00HJQH5GA;B08786GMGG;B08VWZBYPY;B093SQWKKH;B01N591VOO;B07RWB95CX;B08NXKWF2R;B07KLQFHBP;B07X7ND7T7;B09H6WGYLN,True,0,10,10,,B00HJQH5GA;B08786GMGG;B08VWZBYPY;B093SQWKKH;B01N591VOO;B07RWB95CX;B08NXKWF2R;B07KLQFHBP;B07X7ND7T7;B09H6WGYLN,True,0,10,10,,B00HJQH5GA;B08786GMGG;B08VWZBYPY;B093SQWKKH;B01N591VOO;B07RWB95CX;B08NXKWF2R;B07KLQFHBP;B07X7ND7T7;B09H6WGYLN,True,0,10,10,,B00HJQH5GA;B08786GMGG;B08VWZBYPY;B093SQWKKH;B01N591VOO;B07RWB95CX;B07KLQFHBP;B08NXKWF2R;B07X7ND7T7;B09H6WGYLN,True,0,10,10,,B00HJQH5GA;B08786GMGG;B08VWZBYPY;B093SQWKKH;B01N591VOO;B07RWB95CX;B07KLQFHBP;B08NXKWF2R;B07X7ND7T7;B09H6WGYLN,True,0,10,10,,B00HJQH5GA;B08786GMGG;B08VWZBYPY;B093SQWKKH;B01N591VOO;B07RWB95CX;B07KLQFHBP;B08NXKWF2R;B07X7ND7T7;B09H6WGYLN,True,0,10,10,,B00HJQH5GA;B08786GMGG;B08VWZBYPY;B093SQWKKH;B01N591VOO;B07RWB95CX;B07KLQFHBP;B08NXKWF2R;B07X7ND7T7;B09H6WGYLN,True,0,True,2,3,False,10,True,True
public_0116,buying,B07S2Y3THP,18,10,other,B07S2Y3THP;B07PFSX4S5;B082QL8WZ4;B08B7X2BWJ;B00J34X0WE;B005AEG4KG;B01CRJ2Q5S;B00ALYJUZQ;B00CXNDWOI;B00I41T1JS,True,0,1,1,,B07S2Y3THP,True,0,1,1,,B07S2Y3THP,True,0,1,1,,B07S2Y3THP,True,0,1,1,,B07S2Y3THP,True,0,1,1,,B07S2Y3THP,True,0,1,1,,B07S2Y3THP,True,0,1,1,,B07S2Y3THP,True,0,1,1,,B07S2Y3THP,True,0,1,1,,B07S2Y3THP,True,0,True,1,1,False,1,False,True
public_0117,buying,B07HJ18QRQ,5,5,,B07HJ18QRQ;B00VBG9XCS;B08QCJY5DV;B09K7LMRW1;B09FGJNXZL,True,0,5,5,,B07HJ18QRQ;B00VBG9XCS;B08QCJY5DV;B09K7LMRW1;B09FGJNXZL,True,0,5,5,,B07HJ18QRQ;B00VBG9XCS;B08QCJY5DV;B09K7LMRW1;B09FGJNXZL,True,0,5,5,,B07HJ18QRQ;B00VBG9XCS;B08QCJY5DV;B09K7LMRW1;B09FGJNXZL,True,0,5,5,,B07HJ18QRQ;B00VBG9XCS;B08QCJY5DV;B09K7LMRW1;B09FGJNXZL,True,0,5,5,,B07HJ18QRQ;B00VBG9XCS;B08QCJY5DV;B09K7LMRW1;B09FGJNXZL,True,0,5,5,,B00VBG9XCS;B07HJ18QRQ;B08QCJY5DV;B09K7LMRW1;B09FGJNXZL,True,0,5,5,,B00VBG9XCS;B07HJ18QRQ;B08QCJY5DV;B09K7LMRW1;B09FGJNXZL,True,0,5,5,,B00VBG9XCS;B07HJ18QRQ;B08QCJY5DV;B09K7LMRW1;B09FGJNXZL,True,0,5,5,,B00VBG9XCS;B07HJ18QRQ;B08QCJY5DV;B09K7LMRW1;B09FGJNXZL,True,0,True,1,1,False,5,False,True
public_0118,buying,B09M72C8PG,48,10,other,B07QR1MM48;B07RT97VZJ;B082YMXPND;B09M72C8PG;B09Q5T3D67;B09PDV687N;B099J4PJV8;B082R1852R;B0BFVFFHKS;B07C4SDKWK,True,0,1,1,,B09M72C8PG,True,0,1,1,,B09M72C8PG,True,0,1,1,,B09M72C8PG,True,0,1,1,,B09M72C8PG,True,0,1,1,,B09M72C8PG,True,0,1,1,,B09M72C8PG,True,0,1,1,,B09M72C8PG,True,0,1,1,,B09M72C8PG,True,0,1,1,,B09M72C8PG,True,0,True,1,4,False,1,False,True
public_0119,buying,B0BBLR3QB2,1,1,,B0BBLR3QB2,True,0,1,1,,B0BBLR3QB2,True,0,1,1,,B0BBLR3QB2,True,0,1,1,,B0BBLR3QB2,True,0,1,1,,B0BBLR3QB2,True,0,1,1,,B0BBLR3QB2,True,0,1,1,,B0BBLR3QB2,True,0,1,1,,B0BBLR3QB2,True,0,1,1,,B0BBLR3QB2,True,0,1,1,,B0BBLR3QB2,True,0,True,1,1,False,1,False,True
public_0120,browsing,B08GPGX2QG,349,10,feature,B07Y5XHTCL;B00M544JII;B00PY3U1OS;B00HLS5KZE;B0BF63GQT7;B00E96O2O6;B07QSTYBKH;B00KZF1T9G;B07SQFLSGJ;B01LZAILGR,True,0,9,9,,B0847PC89C;B06X914K1P;B08KQDB3QX;B06XJ5ZTN5;B08GPGX2QG;B09GKNS3DB;B00C0DEG78;B018XNRM7Y;B008UZO4KO,True,0,9,9,,B0847PC89C;B06X914K1P;B08KQDB3QX;B06XJ5ZTN5;B08GPGX2QG;B09GKNS3DB;B00C0DEG78;B018XNRM7Y;B008UZO4KO,True,0,9,9,,B0847PC89C;B06X914K1P;B08KQDB3QX;B06XJ5ZTN5;B08GPGX2QG;B09GKNS3DB;B00C0DEG78;B018XNRM7Y;B008UZO4KO,True,0,9,9,,B0847PC89C;B06X914K1P;B08KQDB3QX;B06XJ5ZTN5;B08GPGX2QG;B09GKNS3DB;B00C0DEG78;B018XNRM7Y;B008UZO4KO,True,0,9,9,,B0847PC89C;B06X914K1P;B08KQDB3QX;B06XJ5ZTN5;B08GPGX2QG;B09GKNS3DB;B00C0DEG78;B018XNRM7Y;B008UZO4KO,True,0,9,9,,B0847PC89C;B06X914K1P;B08KQDB3QX;B06XJ5ZTN5;B08GPGX2QG;B09GKNS3DB;B00C0DEG78;B018XNRM7Y;B008UZO4KO,True,0,9,9,,B0847PC89C;B06X914K1P;B08KQDB3QX;B06XJ5ZTN5;B08GPGX2QG;B09GKNS3DB;B00C0DEG78;B018XNRM7Y;B008UZO4KO,True,0,9,9,,B0847PC89C;B06X914K1P;B08KQDB3QX;B06XJ5ZTN5;B08GPGX2QG;B09GKNS3DB;B00C0DEG78;B018XNRM7Y;B008UZO4KO,True,0,9,9,,B0847PC89C;B06X914K1P;B08KQDB3QX;B06XJ5ZTN5;B08GPGX2QG;B09GKNS3DB;B00C0DEG78;B018XNRM7Y;B008UZO4KO,True,0,True,2,5,False,9,False,True
public_0121,browsing,B08HS712ZB,230,10,other,B082FHFS69;B06ZYQQVFK;B07DXQRHLN;B08ZKFD4GM;B0BPCC1KBT;B01CNE24VS;B01BGZ9SBY;B074Q3RDKR;B09D8N6Q4Z;B07F22ZZDG,True,0,9,9,,B08HS712ZB;B086X5F41G;B06XSLP2CV;B01CH3AZMU;B0032FP0IW;B08V1BDQNX;B08P14CYYC;B07D9H6DM9;B09T782383,True,0,9,9,,B08HS712ZB;B086X5F41G;B06XSLP2CV;B01CH3AZMU;B0032FP0IW;B08V1BDQNX;B08P14CYYC;B07D9H6DM9;B09T782383,True,0,9,9,,B08HS712ZB;B086X5F41G;B0032FP0IW;B06XSLP2CV;B01CH3AZMU;B08V1BDQNX;B08P14CYYC;B07D9H6DM9;B09T782383,True,0,9,9,,B08HS712ZB;B086X5F41G;B0032FP0IW;B06XSLP2CV;B01CH3AZMU;B08V1BDQNX;B08P14CYYC;B07D9H6DM9;B09T782383,True,0,9,9,,B08HS712ZB;B086X5F41G;B0032FP0IW;B06XSLP2CV;B01CH3AZMU;B08V1BDQNX;B08P14CYYC;B07D9H6DM9;B09T782383,True,0,9,9,,B08HS712ZB;B086X5F41G;B06XSLP2CV;B01CH3AZMU;B0032FP0IW;B08V1BDQNX;B08P14CYYC;B07D9H6DM9;B09T782383,True,0,9,9,,B08HS712ZB;B086X5F41G;B06XSLP2CV;B01CH3AZMU;B0032FP0IW;B08V1BDQNX;B08P14CYYC;B07D9H6DM9;B09T782383,True,0,9,9,,B08HS712ZB;B086X5F41G;B06XSLP2CV;B01CH3AZMU;B0032FP0IW;B08V1BDQNX;B08P14CYYC;B07D9H6DM9;B09T782383,True,0,9,9,,B08HS712ZB;B086X5F41G;B06XSLP2CV;B01CH3AZMU;B0032FP0IW;B08V1BDQNX;B08P14CYYC;B07D9H6DM9;B09T782383,True,0,True,2,1,False,9,False,True
public_0122,browsing,B074KJ49F2,263,10,other,B07N85V7YS;B08F5KNLCB;B07BXVTF4R;B0BDDWSPYR;B015HJOOZU;B0BFS2LF46;B00RQZO5EE;B07THMZZGM;B00PXCNPAM;B07Y9CHWNR,True,0,1,1,,B074KJ49F2,True,0,1,1,,B074KJ49F2,True,0,1,1,,B074KJ49F2,True,0,1,1,,B074KJ49F2,True,0,1,1,,B074KJ49F2,True,0,1,1,,B074KJ49F2,True,0,1,1,,B074KJ49F2,True,0,1,1,,B074KJ49F2,True,0,1,1,,B074KJ49F2,True,0,True,2,1,False,1,False,True
public_0123,intent_override,B07CZ84YFJ,4,4,,B096BNFQ31;B07YNHZDY2;B07CZ84YFJ;B07HF4BL1Z,True,0,4,4,,B096BNFQ31;B07YNHZDY2;B07CZ84YFJ;B07HF4BL1Z,True,0,17,10,other,B073DW3S4V;B079H8Z47H;B09C88GDY6;B00EQQQHTM;B08MXLQCQV;B0989PNY1Y;B08GY1WQ9J;B07583JR1F;B07CZ84YFJ;B089LH1Z8M,True,1,1,1,,B07CZ84YFJ,True,1,1,1,,B07CZ84YFJ,True,1,1,1,,B07CZ84YFJ,True,1,1,1,,B07CZ84YFJ,True,1,1,1,,B07CZ84YFJ,True,1,1,1,,B07CZ84YFJ,True,1,1,1,,B07CZ84YFJ,True,1,True,3,9,False,1,False,True
public_0124,buying,B07TN1845M,113,10,other,B09FR4WQMF;B0B3RSGP9J;B0C3MHQGKJ;B073RVRVRY;B08DLTRMZC;B0148K8YNC;B08Q3MS5WP;B079Q7VD3H;B0C3MGJTQ4;B0B92C8FFY,True,0,1,1,,B07TN1845M,True,0,1,1,,B07TN1845M,True,0,1,1,,B07TN1845M,True,0,1,1,,B07TN1845M,True,0,1,1,,B07TN1845M,True,0,1,1,,B07TN1845M,True,0,1,1,,B07TN1845M,True,0,1,1,,B07TN1845M,True,0,1,1,,B07TN1845M,True,0,True,2,1,False,1,False,True
public_0125,intent_override,B07VCYFB5D,3,3,,B07VCYFB5D;B07WZQ2WF9;B08HGL5MTV,True,0,3,3,,B07VCYFB5D;B07WZQ2WF9;B08HGL5MTV,True,0,3,3,,B07VCYFB5D;B07WZQ2WF9;B08HGL5MTV,True,0,9,9,,B07WZQ2WF9;B07VCYFB5D;B07CMFNBVX;B07WZQ3C6Y;B07G8R49M3;B001ATKZFA;B079ZRH7DK;B083LFWGH1;B09K8Z4MMS,True,1,9,9,,B07WZQ2WF9;B07VCYFB5D;B07CMFNBVX;B07WZQ3C6Y;B07G8R49M3;B001ATKZFA;B079ZRH7DK;B083LFWGH1;B09K8Z4MMS,True,1,9,9,,B07WZQ2WF9;B07VCYFB5D;B07CMFNBVX;B07WZQ3C6Y;B07G8R49M3;B001ATKZFA;B079ZRH7DK;B083LFWGH1;B09K8Z4MMS,True,1,9,9,,B07WZQ2WF9;B07VCYFB5D;B07CMFNBVX;B07WZQ3C6Y;B07G8R49M3;B001ATKZFA;B079ZRH7DK;B083LFWGH1;B09K8Z4MMS,True,1,9,9,,B07WZQ2WF9;B07VCYFB5D;B07CMFNBVX;B07WZQ3C6Y;B07G8R49M3;B001ATKZFA;B079ZRH7DK;B083LFWGH1;B09K8Z4MMS,True,1,9,9,,B07WZQ2WF9;B07VCYFB5D;B07CMFNBVX;B07WZQ3C6Y;B07G8R49M3;B001ATKZFA;B079ZRH7DK;B083LFWGH1;B09K8Z4MMS,True,1,9,9,,B07WZQ2WF9;B07VCYFB5D;B07CMFNBVX;B07WZQ3C6Y;B07G8R49M3;B001ATKZFA;B079ZRH7DK;B083LFWGH1;B09K8Z4MMS,True,1,True,4,2,False,9,False,True
public_0126,browsing,B09M84R91V,681,10,other,B08531LS4S;B09NBF122K;B085PQW3YC;B089N2V62P;B09DS4GVMP;B07HT7T2R2;B0C9QZMCG7;B09H2ZC1DJ;B09BC47GCL;B0BB6W7X3D,True,0,20,10,feature,B09VX7HZHW;B07TFF3C28;B09M84R91V;B09VS3CGMZ;B0B4RW6DF2;B07SD35K7G;B0B1CJXL7D;B097GQQMPX;B07L5JS7HZ;B07BRQSP88,True,0,5,5,,B09M84R91V;B0B4RW6DF2;B08L6BB77C;B087B4KKX7;B07TZPFQ9N,True,0,5,5,,B09M84R91V;B0B4RW6DF2;B08L6BB77C;B087B4KKX7;B07TZPFQ9N,True,0,5,5,,B09M84R91V;B0B4RW6DF2;B08L6BB77C;B087B4KKX7;B07TZPFQ9N,True,0,5,5,,B09M84R91V;B0B4RW6DF2;B08L6BB77C;B087B4KKX7;B07TZPFQ9N,True,0,5,5,,B09M84R91V;B0B4RW6DF2;B08L6BB77C;B087B4KKX7;B07TZPFQ9N,True,0,5,5,,B09M84R91V;B0B4RW6DF2;B08L6BB77C;B087B4KKX7;B07TZPFQ9N,True,0,5,5,,B09M84R91V;B0B4RW6DF2;B08L6BB77C;B087B4KKX7;B07TZPFQ9N,True,0,5,5,,B09M84R91V;B0B4RW6DF2;B08L6BB77C;B087B4KKX7;B07TZPFQ9N,True,0,True,2,3,False,5,False,True
public_0127,browsing,B0B8DX189T,113,10,other,B005HFXE9W;B016JWAR64;B07R5BPPM4;B00AI5QWU4;B07ZRG4PHZ;B01BE5WXKO;B07JMGL1S8;B07HR5LDKB;B018RM3PWW;B0774SNS4S,True,0,8,8,,B0B8DX189T;B07KS1RYPZ;B00400NSBE;B00LADQ5F0;B09H42R691;B002MUA85S;B07KXQX2YY;B003X0BUHG,True,0,8,8,,B0B8DX189T;B07KS1RYPZ;B00400NSBE;B00LADQ5F0;B09H42R691;B002MUA85S;B07KXQX2YY;B003X0BUHG,True,0,8,8,,B0B8DX189T;B07KS1RYPZ;B00400NSBE;B00LADQ5F0;B002MUA85S;B09H42R691;B07KXQX2YY;B003X0BUHG,True,0,8,8,,B0B8DX189T;B07KS1RYPZ;B00400NSBE;B00LADQ5F0;B002MUA85S;B09H42R691;B07KXQX2YY;B003X0BUHG,True,0,8,8,,B0B8DX189T;B07KS1RYPZ;B00400NSBE;B00LADQ5F0;B002MUA85S;B09H42R691;B07KXQX2YY;B003X0BUHG,True,0,8,8,,B0B8DX189T;B07KS1RYPZ;B00400NSBE;B00LADQ5F0;B09H42R691;B002MUA85S;B07KXQX2YY;B003X0BUHG,True,0,8,8,,B0B8DX189T;B07KS1RYPZ;B00400NSBE;B00LADQ5F0;B09H42R691;B002MUA85S;B07KXQX2YY;B003X0BUHG,True,0,8,8,,B0B8DX189T;B07KS1RYPZ;B00400NSBE;B00LADQ5F0;B09H42R691;B002MUA85S;B07KXQX2YY;B003X0BUHG,True,0,8,8,,B0B8DX189T;B07KS1RYPZ;B00400NSBE;B00LADQ5F0;B09H42R691;B002MUA85S;B07KXQX2YY;B003X0BUHG,True,0,True,2,1,False,8,False,True
public_0128,browsing,B0BNP1RZ2W,200,10,other,B002RVTGEG;B00NC6R19C;B0085RY236;B00MAJMKB6;B07BMPNF8Z;B00EW43PN4;B006IUBTJM;B0083J7X2S;B003CO5A24;B009ZHE1KY,True,0,1,1,,B0BNP1RZ2W,True,0,1,1,,B0BNP1RZ2W,True,0,1,1,,B0BNP1RZ2W,True,0,1,1,,B0BNP1RZ2W,True,0,1,1,,B0BNP1RZ2W,True,0,1,1,,B0BNP1RZ2W,True,0,1,1,,B0BNP1RZ2W,True,0,1,1,,B0BNP1RZ2W,True,0,1,1,,B0BNP1RZ2W,True,0,True,2,1,False,1,False,True
public_0129,buying,B0936ZJJ68,15,10,other,B0936ZJJ68;B093JQPT5G;B0B97JNGGY;B0929KL5W7;B083BG1PY5;B0B53H6J51;B077VLGB1Q;B0B7DWBL9Y;B08H2CKF4Z;B08H2C3NGL,True,0,2,2,,B0936ZJJ68;B0B97JNGGY,True,0,2,2,,B0936ZJJ68;B0B97JNGGY,True,0,2,2,,B0936ZJJ68;B0B97JNGGY,True,0,2,2,,B0936ZJJ68;B0B97JNGGY,True,0,2,2,,B0936ZJJ68;B0B97JNGGY,True,0,2,2,,B0936ZJJ68;B0B97JNGGY,True,0,2,2,,B0936ZJJ68;B0B97JNGGY,True,0,2,2,,B0936ZJJ68;B0B97JNGGY,True,0,2,2,,B0936ZJJ68;B0B97JNGGY,True,0,True,1,1,False,2,False,True
public_0130,intent_override,B07X9V6HZX,1,1,,B07X9V6HZX,True,0,1,1,,B07X9V6HZX,True,0,32,10,other,B07PYB8F1G;B09CM4MF7M;B088YP2LW8;B09TGKBFCM;B00008ID1A;B07X9V6HZX;B0BKPTWKN4;B000VCGC4U;B07XXMJ4JV;B093STRF2L,True,1,3,3,,B07X9V6HZX;B09SYVPC12;B07JCMHH58,True,1,3,3,,B07X9V6HZX;B09SYVPC12;B07JCMHH58,True,1,3,3,,B07X9V6HZX;B09SYVPC12;B07JCMHH58,True,1,3,3,,B07X9V6HZX;B07JCMHH58;B09SYVPC12,True,1,3,3,,B07X9V6HZX;B07JCMHH58;B09SYVPC12,True,1,3,3,,B07X9V6HZX;B07JCMHH58;B09SYVPC12,True,1,3,3,,B07X9V6HZX;B07JCMHH58;B09SYVPC12,True,1,True,3,6,False,3,False,True
public_0131,boundary,B07PQQQ8ZL,24,10,other,B00AMA1QEC;B00KLNCO5K;B077YFNJL5;B07W47N5ZH;B0BGCL426M;B01N0V86B2;B091DQRRQF;B0B42PVX1F;B07XM5MHB3;B0BKBS1DQ3,True,0,24,10,feature,B00AMA1QEC;B00KLNCO5K;B077YFNJL5;B07W47N5ZH;B0BGCL426M;B0B42PVX1F;B0BKBS1DQ3;B091DQRRQF;B078GDJJH3;B01N0V86B2,True,0,3,3,,B07PQQQ8ZL;B01N0GC4V7;B09FGHDFB8,True,0,3,3,,B07PQQQ8ZL;B09FGHDFB8;B01N0GC4V7,True,0,3,3,,B07PQQQ8ZL;B09FGHDFB8;B01N0GC4V7,True,0,3,3,,B07PQQQ8ZL;B09FGHDFB8;B01N0GC4V7,True,0,3,3,,B07PQQQ8ZL;B01N0GC4V7;B09FGHDFB8,True,0,3,3,,B07PQQQ8ZL;B01N0GC4V7;B09FGHDFB8,True,0,3,3,,B07PQQQ8ZL;B01N0GC4V7;B09FGHDFB8,True,0,3,3,,B07PQQQ8ZL;B01N0GC4V7;B09FGHDFB8,True,0,True,3,1,False,3,False,True
public_0132,buying,B08X2X83DW,72,10,other,B08X2X83DW;B08K8HVG2F;B07GD828W6;B0943ZSRXM;B088H3MNZM;B0B8NXLF4R;B07H33Y11B;B0BPHMWG6S;B08CY151NM;B09F37LN2L,True,0,1,1,,B08X2X83DW,True,0,1,1,,B08X2X83DW,True,0,1,1,,B08X2X83DW,True,0,1,1,,B08X2X83DW,True,0,1,1,,B08X2X83DW,True,0,1,1,,B08X2X83DW,True,0,1,1,,B08X2X83DW,True,0,1,1,,B08X2X83DW,True,0,1,1,,B08X2X83DW,True,0,True,1,1,False,1,False,True
public_0133,buying,B01KILT64Q,142,10,other,B0BJ1NJM7Y;B08CBKHMJ2;B09KMJFVDZ;B07FQQNX2R;B08WY897LH;B0BWLFCTTF;B0756PVT75;B0B7JTM76J;B01M0O6ERP;B004KDXE1A,True,0,1,1,,B01KILT64Q,True,0,1,1,,B01KILT64Q,True,0,1,1,,B01KILT64Q,True,0,1,1,,B01KILT64Q,True,0,1,1,,B01KILT64Q,True,0,1,1,,B01KILT64Q,True,0,1,1,,B01KILT64Q,True,0,1,1,,B01KILT64Q,True,0,1,1,,B01KILT64Q,True,0,True,2,1,False,1,False,True
public_0134,browsing,B081SF3QRL,37,10,other,B018LTY6HY;B017O10SDG;B07NDLFLGB;B07RQHQG6T;B007421N6W;B00DDO844O;B081SF3QRL;B00LPQG81I;B07K245NDC;B010VUE1JO,True,0,1,1,,B081SF3QRL,True,0,1,1,,B081SF3QRL,True,0,1,1,,B081SF3QRL,True,0,1,1,,B081SF3QRL,True,0,1,1,,B081SF3QRL,True,0,1,1,,B081SF3QRL,True,0,1,1,,B081SF3QRL,True,0,1,1,,B081SF3QRL,True,0,1,1,,B081SF3QRL,True,0,True,1,7,False,1,False,True
public_0135,buying,B0C6BL4RNN,37,10,other,B0C6BL4RNN;B08N6VDT2H;B01CE02PWE;B0B5VN4P5D;B00ELB3WEU;B09BPGYNFC;B073RVMJ19;B083FM1WLK;B08X2X83DW;B00KAZSLFQ,True,0,5,5,,B0C6BL4RNN;B00ELB3WEU;B00KAZSLFQ;B00KT435WM;B074QKDQJS,True,0,5,5,,B0C6BL4RNN;B00ELB3WEU;B00KAZSLFQ;B00KT435WM;B074QKDQJS,True,0,5,5,,B0C6BL4RNN;B00ELB3WEU;B00KAZSLFQ;B00KT435WM;B074QKDQJS,True,0,5,5,,B0C6BL4RNN;B00ELB3WEU;B00KAZSLFQ;B00KT435WM;B074QKDQJS,True,0,5,5,,B0C6BL4RNN;B00ELB3WEU;B00KAZSLFQ;B00KT435WM;B074QKDQJS,True,0,5,5,,B0C6BL4RNN;B00ELB3WEU;B00KAZSLFQ;B00KT435WM;B074QKDQJS,True,0,5,5,,B0C6BL4RNN;B00ELB3WEU;B00KAZSLFQ;B00KT435WM;B074QKDQJS,True,0,5,5,,B0C6BL4RNN;B00ELB3WEU;B00KAZSLFQ;B00KT435WM;B074QKDQJS,True,0,5,5,,B0C6BL4RNN;B00ELB3WEU;B00KAZSLFQ;B00KT435WM;B074QKDQJS,True,0,True,1,1,False,5,False,True
public_0136,buying,B091F54MWM,122,10,other,B0BJDV4ZS1;B095KLKV2L;B00QQLPZAW;B08D6HL7C9;B005EFOJ6M;B08B5VMX8Y;B01ELBMUM4;B091F54MWM;B07YV9T2MF;B09TNLZ2WQ,True,0,5,5,,B091F54MWM;B09Z9G7HW2;B096WW7MXD;B08QR99F5D;B08M36K5F9,True,0,5,5,,B091F54MWM;B09Z9G7HW2;B096WW7MXD;B08QR99F5D;B08M36K5F9,True,0,5,5,,B091F54MWM;B09Z9G7HW2;B096WW7MXD;B08QR99F5D;B08M36K5F9,True,0,5,5,,B091F54MWM;B09Z9G7HW2;B096WW7MXD;B08QR99F5D;B08M36K5F9,True,0,5,5,,B091F54MWM;B09Z9G7HW2;B096WW7MXD;B08QR99F5D;B08M36K5F9,True,0,5,5,,B091F54MWM;B09Z9G7HW2;B096WW7MXD;B08QR99F5D;B08M36K5F9,True,0,5,5,,B091F54MWM;B09Z9G7HW2;B096WW7MXD;B08QR99F5D;B08M36K5F9,True,0,5,5,,B091F54MWM;B09Z9G7HW2;B096WW7MXD;B08QR99F5D;B08M36K5F9,True,0,5,5,,B091F54MWM;B09Z9G7HW2;B096WW7MXD;B08QR99F5D;B08M36K5F9,True,0,True,1,8,False,5,False,True
public_0137,browsing,B01N67CJGX,338,10,other,B09882214F;B0BTZZZWX7;B0BMZJH9NT;B08PP1ZJQ5;B01FV283GE;B07QGTHJBV;B08G81SR12;B08G8FY295;B016XGNLDW;B07KRGX1ZD,True,0,9,9,,B09882214F;B01FV283GE;B07QGTHJBV;B01N67CJGX;B01879PLQ8;B01A7RFQMM;B0BSFTKSF6;B00NUIZHVQ;B00NYXYG82,True,0,9,9,,B09882214F;B01FV283GE;B07QGTHJBV;B01N67CJGX;B01879PLQ8;B01A7RFQMM;B0BSFTKSF6;B00NUIZHVQ;B00NYXYG82,True,0,9,9,,B09882214F;B01FV283GE;B07QGTHJBV;B01N67CJGX;B01A7RFQMM;B01879PLQ8;B00NUIZHVQ;B0BSFTKSF6;B00NYXYG82,True,0,9,9,,B09882214F;B01FV283GE;B07QGTHJBV;B01N67CJGX;B01A7RFQMM;B01879PLQ8;B00NUIZHVQ;B0BSFTKSF6;B00NYXYG82,True,0,9,9,,B09882214F;B01FV283GE;B07QGTHJBV;B01N67CJGX;B01A7RFQMM;B01879PLQ8;B00NUIZHVQ;B0BSFTKSF6;B00NYXYG82,True,0,9,9,,B09882214F;B01FV283GE;B07QGTHJBV;B01N67CJGX;B01A7RFQMM;B01879PLQ8;B00NUIZHVQ;B0BSFTKSF6;B00NYXYG82,True,0,9,9,,B09882214F;B01FV283GE;B07QGTHJBV;B01N67CJGX;B01A7RFQMM;B01879PLQ8;B00NUIZHVQ;B0BSFTKSF6;B00NYXYG82,True,0,9,9,,B09882214F;B01FV283GE;B07QGTHJBV;B01N67CJGX;B01A7RFQMM;B01879PLQ8;B00NUIZHVQ;B0BSFTKSF6;B00NYXYG82,True,0,9,9,,B09882214F;B01FV283GE;B07QGTHJBV;B01N67CJGX;B01A7RFQMM;B01879PLQ8;B00NUIZHVQ;B0BSFTKSF6;B00NYXYG82,True,0,True,2,4,False,9,False,True
public_0138,browsing,B0B4BRW7JT,519,10,other,B09QQK6R8N;B093KV7LP1;B07F5W2DVL;B09721LJ61;B09Z9H8ZM5;B0B64TYV9T;B077JXNCPW;B09Y8VHYD6;B081F5DSV5;B07M9Q229V,True,0,38,10,feature,B01BMEJTLI;B0B4BRW7JT;B076FKSRLH;B06XYKH39F;B07B132RD2;B07MVKDKPX;B00IV59FN4;B075VD66DB;B09M5XXWR3;B06WCZYWLG,True,0,4,4,,B0B4BRW7JT;B01ICF4B68;B07XBJ2HQ4;B07RGTBSJ5,True,0,4,4,,B0B4BRW7JT;B01ICF4B68;B07XBJ2HQ4;B07RGTBSJ5,True,0,4,4,,B0B4BRW7JT;B01ICF4B68;B07XBJ2HQ4;B07RGTBSJ5,True,0,4,4,,B0B4BRW7JT;B01ICF4B68;B07XBJ2HQ4;B07RGTBSJ5,True,0,4,4,,B0B4BRW7JT;B01ICF4B68;B07XBJ2HQ4;B07RGTBSJ5,True,0,4,4,,B0B4BRW7JT;B01ICF4B68;B07XBJ2HQ4;B07RGTBSJ5,True,0,4,4,,B0B4BRW7JT;B01ICF4B68;B07XBJ2HQ4;B07RGTBSJ5,True,0,4,4,,B0B4BRW7JT;B01ICF4B68;B07XBJ2HQ4;B07RGTBSJ5,True,0,True,2,2,False,4,False,True
public_0139,browsing,B09SGYPW3M,680,10,other,B09C7TT7JV;B0773D2VGZ;B07XL4CKYY;B0921NQML6;B079P9RGSD;B01DV4Q0LE;B08WSZBPC8;B0BTBPN4BR;B0774DY7BL;B07SXDGQM1,True,0,1,1,,B09SGYPW3M,True,0,1,1,,B09SGYPW3M,True,0,1,1,,B09SGYPW3M,True,0,1,1,,B09SGYPW3M,True,0,1,1,,B09SGYPW3M,True,0,1,1,,B09SGYPW3M,True,0,1,1,,B09SGYPW3M,True,0,1,1,,B09SGYPW3M,True,0,1,1,,B09SGYPW3M,True,0,True,2,1,False,1,False,True
public_0140,browsing,B09BT6LSJV,78,10,other,B0B1YLNHMX;B09XRMDYJW;B0BNQKJGM9;B07GV357Q1;B00ZFMHQNM;B08CXR23G3;B09DY9Q2HN;B014UT4AMU;B091Y7WL2V;B07V6RQC7Y,True,0,4,4,,B09BT6LSJV;B01LZAJBAP;B01N8Y33RM;B095HJYFCJ,True,0,4,4,,B09BT6LSJV;B01LZAJBAP;B01N8Y33RM;B095HJYFCJ,True,0,4,4,,B09BT6LSJV;B01LZAJBAP;B01N8Y33RM;B095HJYFCJ,True,0,4,4,,B09BT6LSJV;B01LZAJBAP;B01N8Y33RM;B095HJYFCJ,True,0,4,4,,B09BT6LSJV;B01LZAJBAP;B01N8Y33RM;B095HJYFCJ,True,0,4,4,,B09BT6LSJV;B01LZAJBAP;B01N8Y33RM;B095HJYFCJ,True,0,4,4,,B09BT6LSJV;B01LZAJBAP;B01N8Y33RM;B095HJYFCJ,True,0,4,4,,B09BT6LSJV;B01LZAJBAP;B01N8Y33RM;B095HJYFCJ,True,0,4,4,,B09BT6LSJV;B01LZAJBAP;B01N8Y33RM;B095HJYFCJ,True,0,True,2,1,False,4,False,True
public_0141,browsing,B0BLH7JHG8,14,10,other,B0018WNDTO;B07TWMXJMZ;B013XEOEEW;B07KWFT3XF;B07KWHWSDJ;B001EU3ZR0;B0BY2KGLW8;B07TXH6Z4T;B07RYS9CPP;B0BC17W7G7,True,0,1,1,,B0BLH7JHG8,True,0,1,1,,B0BLH7JHG8,True,0,1,1,,B0BLH7JHG8,True,0,1,1,,B0BLH7JHG8,True,0,1,1,,B0BLH7JHG8,True,0,1,1,,B0BLH7JHG8,True,0,1,1,,B0BLH7JHG8,True,0,1,1,,B0BLH7JHG8,True,0,1,1,,B0BLH7JHG8,True,0,True,2,1,False,1,False,True
public_0142,intent_override,B07YRGC1Q1,1,1,,B07YRGC1Q1,True,0,1,1,,B07YRGC1Q1,True,0,1,1,,B07YRGC1Q1,True,0,117,10,other,B079YMKHCX;B091FG8M6M;B00LOVUZLS;B09CX17VFV;B006C6ATES;B00ZXWV2SY;B0BR86BXJB;B01N6RP0OM;B08CZL8M7P;B008K0MURS,True,1,1,1,,B07YRGC1Q1,True,1,1,1,,B07YRGC1Q1,True,1,1,1,,B07YRGC1Q1,True,1,1,1,,B07YRGC1Q1,True,1,1,1,,B07YRGC1Q1,True,1,1,1,,B07YRGC1Q1,True,1,True,5,1,False,1,False,True
public_0143,buying,B01H54X6CM,21,10,other,B07GYZ84W1;B01H54X6CM;B0088MVCK4;B008H1C5IE;B07GF1R2MK;B07FPNMVWW;B00K3NDCUE;B07GFCNVDG;B07G5XQZYJ;B07F1KD7KQ,True,0,1,1,,B01H54X6CM,True,0,1,1,,B01H54X6CM,True,0,1,1,,B01H54X6CM,True,0,1,1,,B01H54X6CM,True,0,1,1,,B01H54X6CM,True,0,1,1,,B01H54X6CM,True,0,1,1,,B01H54X6CM,True,0,1,1,,B01H54X6CM,True,0,1,1,,B01H54X6CM,True,0,True,1,2,False,1,False,True
public_0144,intent_override,B08LMMDYV7,54,10,other,B09KGWRHHX;B07T7YHRN7;B076BRN7C1;B0056QQNEA;B07P5GYCWN;B07XL1J5H8;B0B87BPPH5;B07YX8QZM8;B0743D2DRS;B08R6J137C,True,0,10,10,,B08LMMDYV7;B01GHS9PUE;B081BHJZWZ;B088Y6BN67;B07BR2J71F;B07CZGMNML;B09D112TGF;B09LRJ6NQX;B09JX1Q6RY;B0BCK59834,True,0,10,10,,B08LMMDYV7;B01GHS9PUE;B081BHJZWZ;B088Y6BN67;B07BR2J71F;B07CZGMNML;B09D112TGF;B09LRJ6NQX;B09JX1Q6RY;B0BCK59834,True,0,47,10,feature,B00XK86P76;B01J803QJY;B07Y1B33L4;B08SS3Y79W;B0BHC7CKY6;B00YXOCC9Q;B076TTCM7S;B01J6KNXTO;B0817DNG8B;B00DDFK0DQ,True,1,13,10,material,B08LMMDYV7;B01GHS9PUE;B07BR2J71F;B09JX1Q6RY;B09LRJ6NQX;B07CZGMNML;B09GL52KHY;B088Y6BN67;B09D112TGF;B0BCK59834,True,1,13,10,use_case,B08LMMDYV7;B01GHS9PUE;B07BR2J71F;B09JX1Q6RY;B09LRJ6NQX;B07CZGMNML;B09GL52KHY;B088Y6BN67;B09D112TGF;B0BCK59834,True,1,13,10,style,B08LMMDYV7;B01GHS9PUE;B07BR2J71F;B09GL52KHY;B09JX1Q6RY;B09LRJ6NQX;B07CZGMNML;B088Y6BN67;B09D112TGF;B0BCK59834,True,1,13,10,size,B08LMMDYV7;B01GHS9PUE;B07BR2J71F;B09GL52KHY;B09JX1Q6RY;B09LRJ6NQX;B07CZGMNML;B088Y6BN67;B09D112TGF;B0BCK59834,True,1,13,10,budget,B08LMMDYV7;B01GHS9PUE;B07BR2J71F;B09GL52KHY;B09JX1Q6RY;B09LRJ6NQX;B07CZGMNML;B088Y6BN67;B09D112TGF;B0BCK59834,True,1,13,10,,B08LMMDYV7;B01GHS9PUE;B07BR2J71F;B09GL52KHY;B09JX1Q6RY;B09LRJ6NQX;B07CZGMNML;B088Y6BN67;B09D112TGF;B0BCK59834,True,1,True,5,1,False,13,False,False
public_0145,buying,B00IJZZWGA,96,10,other,B0B7F884XV;B00QGE5WCA;B09J23YJ8N;B01ALRO2D2;B0BGJ85RYM;B073VR1JRH;B0735V67KT;B072P28KXR;B081J57LP5;B014HIKA1O,True,0,12,10,size,B0B7F884XV;B09J23YJ8N;B081J57LP5;B00IJZZWGA;B0BVRKLSVP;B0BFB3T4ZC;B07BMKJMXV;B07L7M66MQ;B00AM12ZKU;B08HD178S2,True,0,12,10,budget,B0B7F884XV;B09J23YJ8N;B081J57LP5;B00IJZZWGA;B0BVRKLSVP;B0BFB3T4ZC;B07BMKJMXV;B07L7M66MQ;B00AM12ZKU;B08HD178S2,True,0,12,10,brand,B0B7F884XV;B09J23YJ8N;B081J57LP5;B00IJZZWGA;B0BVRKLSVP;B0BFB3T4ZC;B07BMKJMXV;B07L7M66MQ;B00AM12ZKU;B07XZMG1R8,True,0,12,10,color,B0B7F884XV;B09J23YJ8N;B081J57LP5;B00IJZZWGA;B0BVRKLSVP;B0BFB3T4ZC;B07BMKJMXV;B07L7M66MQ;B00AM12ZKU;B07XZMG1R8,True,0,12,10,,B0B7F884XV;B09J23YJ8N;B081J57LP5;B00IJZZWGA;B0BVRKLSVP;B0BFB3T4ZC;B07BMKJMXV;B07L7M66MQ;B00AM12ZKU;B07XZMG1R8,True,0,12,10,,B0B7F884XV;B09J23YJ8N;B081J57LP5;B00IJZZWGA;B0BVRKLSVP;B0BFB3T4ZC;B07L7M66MQ;B07BMKJMXV;B00AM12ZKU;B07XZMG1R8,True,0,12,10,,B0B7F884XV;B09J23YJ8N;B081J57LP5;B00IJZZWGA;B0BVRKLSVP;B0BFB3T4ZC;B07L7M66MQ;B07BMKJMXV;B00AM12ZKU;B07XZMG1R8,True,0,12,10,,B0B7F884XV;B09J23YJ8N;B081J57LP5;B00IJZZWGA;B0BVRKLSVP;B0BFB3T4ZC;B07L7M66MQ;B07BMKJMXV;B00AM12ZKU;B07XZMG1R8,True,0,12,10,,B0B7F884XV;B09J23YJ8N;B081J57LP5;B00IJZZWGA;B0BVRKLSVP;B0BFB3T4ZC;B07L7M66MQ;B07BMKJMXV;B00AM12ZKU;B07XZMG1R8,True,0,True,2,4,False,12,False,False
public_0146,buying,B0BCQWYQLQ,57,10,other,B097XNM8J8;B07PRG4HLM;B076L97422;B07B4875PX;B07YDJMWTM;B08K8DP1XS;B0C5TKHCRK;B07C56GBZD;B0BBGHSP2S;B07B4HT7LC,True,0,1,1,,B0BCQWYQLQ,True,0,1,1,,B0BCQWYQLQ,True,0,1,1,,B0BCQWYQLQ,True,0,1,1,,B0BCQWYQLQ,True,0,1,1,,B0BCQWYQLQ,True,0,1,1,,B0BCQWYQLQ,True,0,1,1,,B0BCQWYQLQ,True,0,1,1,,B0BCQWYQLQ,True,0,1,1,,B0BCQWYQLQ,True,0,True,2,1,False,1,False,True
public_0147,browsing,B077276QGC,3,3,,B07R4HLCSZ;B077276QGC;B08GRNH3HH,True,0,3,3,,B07R4HLCSZ;B077276QGC;B08GRNH3HH,True,0,3,3,,B07R4HLCSZ;B077276QGC;B08GRNH3HH,True,0,3,3,,B07R4HLCSZ;B077276QGC;B08GRNH3HH,True,0,3,3,,B07R4HLCSZ;B077276QGC;B08GRNH3HH,True,0,3,3,,B07R4HLCSZ;B077276QGC;B08GRNH3HH,True,0,3,3,,B07R4HLCSZ;B077276QGC;B08GRNH3HH,True,0,3,3,,B07R4HLCSZ;B077276QGC;B08GRNH3HH,True,0,3,3,,B07R4HLCSZ;B077276QGC;B08GRNH3HH,True,0,3,3,,B07R4HLCSZ;B077276QGC;B08GRNH3HH,True,0,True,1,2,False,3,False,True
public_0148,buying,B0BQC2NRG2,15,10,other,B0BQC2NRG2;B07Z6J5N6Y;B004IYFT28;B07CH3VM3D;B07K21Z6BY;B07FD5ZWXC;B010S8DWNK;B010S8E3HO;B0897FWZG1;B00C3UPPLY,True,0,1,1,,B0BQC2NRG2,True,0,1,1,,B0BQC2NRG2,True,0,1,1,,B0BQC2NRG2,True,0,1,1,,B0BQC2NRG2,True,0,1,1,,B0BQC2NRG2,True,0,1,1,,B0BQC2NRG2,True,0,1,1,,B0BQC2NRG2,True,0,1,1,,B0BQC2NRG2,True,0,1,1,,B0BQC2NRG2,True,0,True,1,1,False,1,False,True
public_0149,buying,B07CBYYHTL,21,10,other,B0BB3D4CGY;B07CBYYHTL;B0BB9NCZ97;B07G84VQ96;B0B8TK3QNW;B00EYXSBAU;B0BS5X1RKD;B07GSKPHG8;B008JADGRM;B07M6LBQN7,True,0,1,1,,B07CBYYHTL,True,0,1,1,,B07CBYYHTL,True,0,1,1,,B07CBYYHTL,True,0,1,1,,B07CBYYHTL,True,0,1,1,,B07CBYYHTL,True,0,1,1,,B07CBYYHTL,True,0,1,1,,B07CBYYHTL,True,0,1,1,,B07CBYYHTL,True,0,1,1,,B07CBYYHTL,True,0,True,1,2,False,1,False,True
public_0150,browsing,B07P6MPQY5,14,10,feature,B002B61ERE;B083JSMQNC;B097QG31KD;B07P6MPQY5;B00E9AOVX4;B00AZO9Q4W;B07G4GXDVD;B00R8I7PTG;B0116LYM8C;B01MYUM67T,True,0,1,1,,B07P6MPQY5,True,0,1,1,,B07P6MPQY5,True,0,1,1,,B07P6MPQY5,True,0,1,1,,B07P6MPQY5,True,0,1,1,,B07P6MPQY5,True,0,1,1,,B07P6MPQY5,True,0,1,1,,B07P6MPQY5,True,0,1,1,,B07P6MPQY5,True,0,1,1,,B07P6MPQY5,True,0,True,1,4,False,1,False,True
public_0151,browsing,B08CFNQNJK,47,10,feature,B076J72KHB;B01BHGXX9U;B000E8H8QW;B07BST51FS;B00NLLDH28;B01BHGXX9K;B09525B1R5;B01J8WZC2Q;B0029F282C;B09NFRBCT6,True,0,12,10,other,B00D44OGE0;B000MRV3JI;B08CFNQNJK;B00G8P3RLK;B01N9T4RWE;B00UPHJC3E;B00BFA928A;B071YSX2RJ;B00IJWXT54;B009DLKT7Q,True,0,1,1,,B08CFNQNJK,True,0,1,1,,B08CFNQNJK,True,0,1,1,,B08CFNQNJK,True,0,1,1,,B08CFNQNJK,True,0,1,1,,B08CFNQNJK,True,0,1,1,,B08CFNQNJK,True,0,1,1,,B08CFNQNJK,True,0,1,1,,B08CFNQNJK,True,0,True,2,3,False,1,False,True
public_0152,buying,B000EQU0NW,289,10,other,B00L059500;B089YWTL2K;B07BMFGG4W;B07TCQWJQJ;B09FYFWC8S;B09C2XBL8R;B07XTQD6C1;B00E96B5A0;9999666671;B08T4F7NCP,True,0,1,1,,B000EQU0NW,True,0,1,1,,B000EQU0NW,True,0,1,1,,B000EQU0NW,True,0,1,1,,B000EQU0NW,True,0,1,1,,B000EQU0NW,True,0,1,1,,B000EQU0NW,True,0,1,1,,B000EQU0NW,True,0,1,1,,B000EQU0NW,True,0,1,1,,B000EQU0NW,True,0,True,2,1,False,1,False,True
public_0153,browsing,B07BMJ77FR,382,10,feature,B06WGYMPPH;B0B6GXL8HF;B0B9DV8RTY;B01I5QV9IC;B0B784CMH9;B07H24XVP7;B09PJQPDHS;B099SV229N;B09MWN5PW5;B0BD5GVHLR,True,0,3,3,,B0B784CMH9;B07BMJ77FR;B0B7B573SX,True,0,3,3,,B0B784CMH9;B07BMJ77FR;B0B7B573SX,True,0,3,3,,B0B784CMH9;B07BMJ77FR;B0B7B573SX,True,0,3,3,,B0B784CMH9;B07BMJ77FR;B0B7B573SX,True,0,3,3,,B0B784CMH9;B07BMJ77FR;B0B7B573SX,True,0,3,3,,B0B784CMH9;B07BMJ77FR;B0B7B573SX,True,0,3,3,,B0B784CMH9;B07BMJ77FR;B0B7B573SX,True,0,3,3,,B0B784CMH9;B07BMJ77FR;B0B7B573SX,True,0,3,3,,B0B784CMH9;B07BMJ77FR;B0B7B573SX,True,0,True,2,2,False,3,False,True
public_0154,buying,B00CYNKSTE,35,10,other,B0713S6R54;B0C3CKY894;B00LNH37SG;B005BT6C4I;B094BGFS5R;B000ATKB3C;B01002MKDM;B0023ZZAXW;B07YCSM91H;B08B3CHZX3,True,0,1,1,,B00CYNKSTE,True,0,1,1,,B00CYNKSTE,True,0,1,1,,B00CYNKSTE,True,0,1,1,,B00CYNKSTE,True,0,1,1,,B00CYNKSTE,True,0,1,1,,B00CYNKSTE,True,0,1,1,,B00CYNKSTE,True,0,1,1,,B00CYNKSTE,True,0,1,1,,B00CYNKSTE,True,0,True,2,1,False,1,False,True
public_0155,buying,B0C4VLWWYY,15,10,other,B01GFK3ZQ4;B09HNJVPMH;B0731YKYCJ;B0C4VLWWYY;B00591NYYE;B0B4MS9QNH;B003TOAFPY;B00HPWSJZY;B08576BP9W;B00L2TLT1M,True,0,2,2,,B0731YKYCJ;B0C4VLWWYY,True,0,2,2,,B0731YKYCJ;B0C4VLWWYY,True,0,2,2,,B0731YKYCJ;B0C4VLWWYY,True,0,2,2,,B0731YKYCJ;B0C4VLWWYY,True,0,2,2,,B0731YKYCJ;B0C4VLWWYY,True,0,2,2,,B0731YKYCJ;B0C4VLWWYY,True,0,2,2,,B0731YKYCJ;B0C4VLWWYY,True,0,2,2,,B0731YKYCJ;B0C4VLWWYY,True,0,2,2,,B0731YKYCJ;B0C4VLWWYY,True,0,True,1,4,False,2,False,True
public_0156,buying,B0C3KZXV4B,1,1,,B0C3KZXV4B,True,0,1,1,,B0C3KZXV4B,True,0,1,1,,B0C3KZXV4B,True,0,1,1,,B0C3KZXV4B,True,0,1,1,,B0C3KZXV4B,True,0,1,1,,B0C3KZXV4B,True,0,1,1,,B0C3KZXV4B,True,0,1,1,,B0C3KZXV4B,True,0,1,1,,B0C3KZXV4B,True,0,1,1,,B0C3KZXV4B,True,0,True,1,1,False,1,False,True
public_0157,buying,B00BCHDM14,23,10,other,B0BQ1DSLKS;B00BCHDM14;B00RW5CCMA;B098C95Z3T;B00SBXATWM;B000W8WMOM;B00Q7R0YXS;B00YURVHAQ;B07XTQ3Q4S;B0728NXLCJ,True,0,9,9,,B0BQ1DSLKS;B00BCHDM14;B00SBXATWM;B000W8WMOM;B00Q7R0YXS;B00YURVHAQ;B07XTQ3Q4S;B0728NXLCJ;B00GIOBNZI,True,0,9,9,,B0BQ1DSLKS;B00BCHDM14;B00SBXATWM;B000W8WMOM;B00Q7R0YXS;B00YURVHAQ;B07XTQ3Q4S;B0728NXLCJ;B00GIOBNZI,True,0,9,9,,B0BQ1DSLKS;B00SBXATWM;B00BCHDM14;B000W8WMOM;B00Q7R0YXS;B07XTQ3Q4S;B00YURVHAQ;B0728NXLCJ;B00GIOBNZI,True,0,9,9,,B0BQ1DSLKS;B00SBXATWM;B00BCHDM14;B000W8WMOM;B00Q7R0YXS;B07XTQ3Q4S;B00YURVHAQ;B0728NXLCJ;B00GIOBNZI,True,0,9,9,,B0BQ1DSLKS;B00SBXATWM;B00BCHDM14;B000W8WMOM;B00Q7R0YXS;B07XTQ3Q4S;B00YURVHAQ;B0728NXLCJ;B00GIOBNZI,True,0,9,9,,B0BQ1DSLKS;B00BCHDM14;B00SBXATWM;B000W8WMOM;B00Q7R0YXS;B07XTQ3Q4S;B00YURVHAQ;B0728NXLCJ;B00GIOBNZI,True,0,9,9,,B0BQ1DSLKS;B00BCHDM14;B00SBXATWM;B000W8WMOM;B00Q7R0YXS;B07XTQ3Q4S;B00YURVHAQ;B0728NXLCJ;B00GIOBNZI,True,0,9,9,,B0BQ1DSLKS;B00BCHDM14;B00SBXATWM;B000W8WMOM;B00Q7R0YXS;B07XTQ3Q4S;B00YURVHAQ;B0728NXLCJ;B00GIOBNZI,True,0,9,9,,B0BQ1DSLKS;B00BCHDM14;B00SBXATWM;B000W8WMOM;B00Q7R0YXS;B07XTQ3Q4S;B00YURVHAQ;B0728NXLCJ;B00GIOBNZI,True,0,True,1,2,False,9,False,True
public_0158,browsing,B012ZM6RGQ,34,10,feature,B0BGZFRM7Z;B00IPDS77M;B00840U882;B0872QQHWY;B009V0E5I8;B000IS7RBO;B019NIBGG6;B01CQCB0J4;B0043052TC;B09LZ1P7X9,True,0,1,1,,B012ZM6RGQ,True,0,1,1,,B012ZM6RGQ,True,0,1,1,,B012ZM6RGQ,True,0,1,1,,B012ZM6RGQ,True,0,1,1,,B012ZM6RGQ,True,0,1,1,,B012ZM6RGQ,True,0,1,1,,B012ZM6RGQ,True,0,1,1,,B012ZM6RGQ,True,0,1,1,,B012ZM6RGQ,True,0,True,2,1,False,1,False,True
public_0159,buying,B00UHLFR32,40,10,other,B0156YEPZ0;B00UHLFR32;B08KRHXZ45;B002Q0X2F2;B017HNN0JU;B00SVEUWVY;B08R61K9B9;B08THWL29K;B016L4OGXK;B09HHDY3X5,True,0,3,3,,B00UHLFR32;B08KRHXZ45;B0163HGZB6,True,0,3,3,,B00UHLFR32;B08KRHXZ45;B0163HGZB6,True,0,3,3,,B00UHLFR32;B08KRHXZ45;B0163HGZB6,True,0,3,3,,B00UHLFR32;B08KRHXZ45;B0163HGZB6,True,0,3,3,,B00UHLFR32;B08KRHXZ45;B0163HGZB6,True,0,3,3,,B00UHLFR32;B08KRHXZ45;B0163HGZB6,True,0,3,3,,B00UHLFR32;B08KRHXZ45;B0163HGZB6,True,0,3,3,,B00UHLFR32;B08KRHXZ45;B0163HGZB6,True,0,3,3,,B00UHLFR32;B08KRHXZ45;B0163HGZB6,True,0,True,1,2,False,3,False,True
public_0160,buying,B01AAANF2Y,18,10,other,B0048CRFKY;B01AAANF2Y;B08KNJ5ZM6;B075ZQTV39;B08P4PSWTZ;B0834HJ8TS;B006H23O0S;B01CNCAMYQ;B07FCGDBJF;B07MYCQBYH,True,0,1,1,,B01AAANF2Y,True,0,1,1,,B01AAANF2Y,True,0,1,1,,B01AAANF2Y,True,0,1,1,,B01AAANF2Y,True,0,1,1,,B01AAANF2Y,True,0,1,1,,B01AAANF2Y,True,0,1,1,,B01AAANF2Y,True,0,1,1,,B01AAANF2Y,True,0,1,1,,B01AAANF2Y,True,0,True,1,2,False,1,False,True
public_0161,buying,B0B6N6TJ6V,389,10,other,B07XL4CKYY;B07WZJDRC8;B07G8SWBWZ;B018NHGNZ2;B089KDSH4K;B07JHQ6WK4;B09TS518GD;B0BHZLYX8P;B08GLZJPL7;B0793F6932,True,0,11,10,color,B0BHZLYX8P;B0B6N6TJ6V;B0BZ3SGKRL;B0C1YPPMQ1;B08Z32GJRX;B0BW2Y7JNS;B0CCV6544C;B07VV1RV62;B0BBMRV3TD;B0B7WWQW38,True,0,11,10,size,B0BHZLYX8P;B0B6N6TJ6V;B0BZ3SGKRL;B0C1YPPMQ1;B08Z32GJRX;B0BW2Y7JNS;B0CCV6544C;B07VV1RV62;B0BBMRV3TD;B0B7WWQW38,True,0,11,10,budget,B0BHZLYX8P;B0B6N6TJ6V;B0BZ3SGKRL;B08Z32GJRX;B0C1YPPMQ1;B0BW2Y7JNS;B0CCV6544C;B07VV1RV62;B0BBMRV3TD;B0B7WWQW38,True,0,11,10,brand,B0BHZLYX8P;B0B6N6TJ6V;B0BZ3SGKRL;B08Z32GJRX;B0C1YPPMQ1;B0BW2Y7JNS;B0CCV6544C;B07VV1RV62;B0BBMRV3TD;B0B7WWQW38,True,0,11,10,,B0BHZLYX8P;B0B6N6TJ6V;B0BZ3SGKRL;B08Z32GJRX;B0C1YPPMQ1;B0BW2Y7JNS;B0CCV6544C;B07VV1RV62;B0BBMRV3TD;B0B7WWQW38,True,0,11,10,,B0BHZLYX8P;B0B6N6TJ6V;B0BZ3SGKRL;B08Z32GJRX;B0C1YPPMQ1;B0BW2Y7JNS;B0CCV6544C;B07VV1RV62;B0BBMRV3TD;B0B7WWQW38,True,0,11,10,,B0BHZLYX8P;B0B6N6TJ6V;B0BZ3SGKRL;B08Z32GJRX;B0C1YPPMQ1;B0BW2Y7JNS;B0CCV6544C;B07VV1RV62;B0BBMRV3TD;B0B7WWQW38,True,0,11,10,,B0BHZLYX8P;B0B6N6TJ6V;B0BZ3SGKRL;B08Z32GJRX;B0C1YPPMQ1;B0BW2Y7JNS;B0CCV6544C;B07VV1RV62;B0BBMRV3TD;B0B7WWQW38,True,0,11,10,,B0BHZLYX8P;B0B6N6TJ6V;B0BZ3SGKRL;B08Z32GJRX;B0C1YPPMQ1;B0BW2Y7JNS;B0CCV6544C;B07VV1RV62;B0BBMRV3TD;B0B7WWQW38,True,0,True,2,2,False,11,False,False
public_0162,browsing,B0B71JNMQY,591,10,other,B0B277VTK9;B00JBIM42E;B097XNM8J8;B0C4G54M7S;B07PRG4HLM;B07MPBTMYL;B074N2DTSX;B085XXRDGR;B07C56GBZD;B0B2DXWVW9,True,0,1,1,,B0B71JNMQY,True,0,1,1,,B0B71JNMQY,True,0,1,1,,B0B71JNMQY,True,0,1,1,,B0B71JNMQY,True,0,1,1,,B0B71JNMQY,True,0,1,1,,B0B71JNMQY,True,0,1,1,,B0B71JNMQY,True,0,1,1,,B0B71JNMQY,True,0,1,1,,B0B71JNMQY,True,0,True,2,1,False,1,False,True
public_0163,buying,B0834T68X3,62,10,other,B0BZJG18G6;B08GHT579S;B08134XNNB;B01MS4GRDV;B07BSZC2Q3;B094LW4TVM;B082X4DRWV;B09X4GG71T;B07RXBC9YS;B09HXZ22LF,True,0,1,1,,B0834T68X3,True,0,1,1,,B0834T68X3,True,0,1,1,,B0834T68X3,True,0,1,1,,B0834T68X3,True,0,1,1,,B0834T68X3,True,0,1,1,,B0834T68X3,True,0,1,1,,B0834T68X3,True,0,1,1,,B0834T68X3,True,0,1,1,,B0834T68X3,True,0,True,2,1,False,1,False,True
public_0164,browsing,B0C61FG7GL,93,10,feature,B004S7Z9IO;B00VRWJ6V4;B07NJ5K3MQ;B081299872;B006JUWIZ0;B003TMD0YY;B01HIDEJ2G;B01CRYCQAS;B0197VDAS6;B008OK8D6Q,True,0,23,10,other,B004S7Z9IO;B07NJ5K3MQ;B07F6QTTYD;B01CRYCQAS;B098NJJTYZ;B0B3189V5T;B07D6TQ7DK;B07CRJRKZD;B019C30Z5K;B07WYK9NXT,True,0,5,5,,B07D6TQ7DK;B0C61FG7GL;B018AKIC2Y;B00MHZHVZ8;B07F6Y2CMD,True,0,5,5,,B07D6TQ7DK;B0C61FG7GL;B018AKIC2Y;B00MHZHVZ8;B07F6Y2CMD,True,0,5,5,,B07D6TQ7DK;B0C61FG7GL;B018AKIC2Y;B00MHZHVZ8;B07F6Y2CMD,True,0,5,5,,B07D6TQ7DK;B0C61FG7GL;B018AKIC2Y;B00MHZHVZ8;B07F6Y2CMD,True,0,5,5,,B07D6TQ7DK;B0C61FG7GL;B018AKIC2Y;B00MHZHVZ8;B07F6Y2CMD,True,0,5,5,,B07D6TQ7DK;B0C61FG7GL;B018AKIC2Y;B00MHZHVZ8;B07F6Y2CMD,True,0,5,5,,B07D6TQ7DK;B0C61FG7GL;B018AKIC2Y;B00MHZHVZ8;B07F6Y2CMD,True,0,5,5,,B07D6TQ7DK;B0C61FG7GL;B018AKIC2Y;B00MHZHVZ8;B07F6Y2CMD,True,0,True,3,2,False,5,False,True
public_0165,buying,B09XHSLX4X,48,10,other,B003ZF9X7S;B002EEP5OG;B07CRJRKZD;B0B3189V5T;B098NJJTYZ;B003XT0C3A;B07D6TQ7DK;B003OQ4SNC;B004S7Z9IO;B000RNK9QK,True,0,48,10,color,B003ZF9X7S;B002EEP5OG;B07CRJRKZD;B0B3189V5T;B098NJJTYZ;B003XT0C3A;B07D6TQ7DK;B003OQ4SNC;B004S7Z9IO;B000RNK9QK,True,0,48,10,size,B003ZF9X7S;B002EEP5OG;B07CRJRKZD;B0B3189V5T;B098NJJTYZ;B003XT0C3A;B07D6TQ7DK;B003OQ4SNC;B004S7Z9IO;B000RNK9QK,True,0,1,1,,B09XHSLX4X,True,0,1,1,,B09XHSLX4X,True,0,1,1,,B09XHSLX4X,True,0,1,1,,B09XHSLX4X,True,0,1,1,,B09XHSLX4X,True,0,1,1,,B09XHSLX4X,True,0,1,1,,B09XHSLX4X,True,0,True,4,1,False,1,False,True
public_0166,intent_override,B00IHW88W0,1,1,,B00IHW88W0,True,0,1,1,,B00IHW88W0,True,0,1,1,,B00IHW88W0,True,0,1,1,,B00IHW88W0,True,1,1,1,,B00IHW88W0,True,1,1,1,,B00IHW88W0,True,1,1,1,,B00IHW88W0,True,1,1,1,,B00IHW88W0,True,1,1,1,,B00IHW88W0,True,1,1,1,,B00IHW88W0,True,1,True,4,1,False,1,False,True
public_0167,browsing,B07357B79L,166,10,other,B09TQFV6DW;B07BKLVP3T;B00KYSBF2U;B001B1PNUE;B0B1DYKTR4;B09SG24KNL;B09QZQKSDR;B001RCUVO0;B08MNJBPMS;B00DEMYVCE,True,0,17,10,material,B08MNJBPMS;B07357B79L;B095P8283H;B074BC4Y2M;B09M3V6C58;B07BKLH9PB;B0B5HLH1DB;B09TN7FXJW;B0925MMXXY;B08ML8YGDZ,True,0,17,10,feature,B08MNJBPMS;B07357B79L;B095P8283H;B074BC4Y2M;B09M3V6C58;B07BKLH9PB;B0B5HLH1DB;B09TN7FXJW;B0925MMXXY;B08ML8YGDZ,True,0,1,1,,B07357B79L,True,0,1,1,,B07357B79L,True,0,1,1,,B07357B79L,True,0,1,1,,B07357B79L,True,0,1,1,,B07357B79L,True,0,1,1,,B07357B79L,True,0,1,1,,B07357B79L,True,0,True,2,2,False,1,False,True
public_0168,buying,B08YYHDJD1,1,1,,B08YYHDJD1,True,0,1,1,,B08YYHDJD1,True,0,1,1,,B08YYHDJD1,True,0,1,1,,B08YYHDJD1,True,0,1,1,,B08YYHDJD1,True,0,1,1,,B08YYHDJD1,True,0,1,1,,B08YYHDJD1,True,0,1,1,,B08YYHDJD1,True,0,1,1,,B08YYHDJD1,True,0,1,1,,B08YYHDJD1,True,0,True,1,1,False,1,False,True
public_0169,boundary,B0829R9M5G,319,10,other,B084P5KDM4;B09WTM3QKQ;B0C28JK5W6;B07TS2D23C;B00Y5T5P34;B08Y7SVJNP;B00W8AU1KE;B01BN0MJZ4;B01BN0MLE8;B00LBXMEG8,True,0,319,10,feature,B084P5KDM4;B09WTM3QKQ;B0C28JK5W6;B00Y5T5P34;B07TS2D23C;B08Y7SVJNP;B00LBXMEG8;B08LYGVR2X;B01BN0MJZ4;B01BN0MLE8,True,0,13,10,material,B0829R9M5G;B0BGTJD55T;B00XIIZ94S;B01CK7A1YA;B00Z5SEZXU;B07KR6KFHD;B07RJ6RJZZ;B00TI5KZNA;B07PK9SFT8;B00YXSG1GM,True,0,1,1,,B0829R9M5G,True,0,1,1,,B0829R9M5G,True,0,1,1,,B0829R9M5G,True,0,1,1,,B0829R9M5G,True,0,1,1,,B0829R9M5G,True,0,1,1,,B0829R9M5G,True,0,1,1,,B0829R9M5G,True,0,True,3,1,False,1,False,True
public_0170,browsing,B08LRQX5RH,109,10,feature,B08SBT4WF1;B0958DDHWP;B07CMLJCT7;B07QGWV8BS;B01AKZ8QLY;B084JBKQVQ;B07GC6YMC4;B07G5XL3W9;B00178V4Z4;B08FBW62T5,True,0,2,2,,B07R1ZVV4Z;B08LRQX5RH,True,0,2,2,,B07R1ZVV4Z;B08LRQX5RH,True,0,2,2,,B07R1ZVV4Z;B08LRQX5RH,True,0,2,2,,B07R1ZVV4Z;B08LRQX5RH,True,0,2,2,,B07R1ZVV4Z;B08LRQX5RH,True,0,2,2,,B07R1ZVV4Z;B08LRQX5RH,True,0,2,2,,B07R1ZVV4Z;B08LRQX5RH,True,0,2,2,,B07R1ZVV4Z;B08LRQX5RH,True,0,2,2,,B07R1ZVV4Z;B08LRQX5RH,True,0,True,2,2,False,2,False,True
public_0171,buying,B0BFVFFHKS,48,10,other,B07QR1MM48;B07RT97VZJ;B082YMXPND;B09M72C8PG;B09Q5T3D67;B09PDV687N;B099J4PJV8;B082R1852R;B0BFVFFHKS;B07C4SDKWK,True,0,1,1,,B0BFVFFHKS,True,0,1,1,,B0BFVFFHKS,True,0,1,1,,B0BFVFFHKS,True,0,1,1,,B0BFVFFHKS,True,0,1,1,,B0BFVFFHKS,True,0,1,1,,B0BFVFFHKS,True,0,1,1,,B0BFVFFHKS,True,0,1,1,,B0BFVFFHKS,True,0,1,1,,B0BFVFFHKS,True,0,True,1,9,False,1,False,True
public_0172,browsing,B0829PZGBB,1017,10,other,B0BBNKKMLS;B089PQRJBD;B07GJHQCJD;B01IPZ3YNQ;B00DFFD70C;B0B136Z5FN;B00E420OEW;B088PWMMTV;B095TT95HN;B07B5RGY2N,True,0,14,10,feature,B01A9DWZP0;B0C62X675S;B0BTMNNMSH;B0829PZGBB;B00LMNBD6E;B00QV77LIU;B0BY9GY9DS;B09N4S7XXK;B0BSMJDZH7;B008PNGL66,True,0,2,2,,B0C62X675S;B0829PZGBB,True,0,2,2,,B0C62X675S;B0829PZGBB,True,0,2,2,,B0C62X675S;B0829PZGBB,True,0,2,2,,B0C62X675S;B0829PZGBB,True,0,2,2,,B0C62X675S;B0829PZGBB,True,0,2,2,,B0C62X675S;B0829PZGBB,True,0,2,2,,B0C62X675S;B0829PZGBB,True,0,2,2,,B0C62X675S;B0829PZGBB,True,0,True,2,4,False,2,False,True
public_0173,browsing,B07THT4G8N,168,10,other,B07R2MPFQH;B00IH4K4X4;B07P7MQQYZ;B07RBP5DR9;B00K6516Z2;B08CV5Z8Y6;B07663HGF3;B07PHP9Z7H;B00D7L5IEC;B085931DPR,True,0,20,10,material,B071J8986T;B008VTLQ96;B07D5VGN9J;B07X3MGMJR;B081PTT6MW;B08RNC8FR7;B08RNDPGBF;B07THT4G8N;B07TKVRMNN;B07THYDNCR,True,0,1,1,,B07THT4G8N,True,0,1,1,,B07THT4G8N,True,0,1,1,,B07THT4G8N,True,0,1,1,,B07THT4G8N,True,0,1,1,,B07THT4G8N,True,0,1,1,,B07THT4G8N,True,0,1,1,,B07THT4G8N,True,0,1,1,,B07THT4G8N,True,0,True,2,8,False,1,False,True
public_0174,buying,B0794VPVBH,79,10,other,B07FF27D4Q;B07F2XGDP5;B09N75LPGX;B07111P7Q7;B07G71RVN2;B01E9J1KTC;B08C34HQW1;B0922FX7CK;B07SF6X8N2;B00IO24QSS,True,0,14,10,color,B0BKTGLVFS;B0892N8LG2;B09GT64JCG;B0794VPVBH;B00F4O2QC2;B010O2S2JO;B082N4XNWS;B079JGHJN3;B079JJXSSN;B00MRQWSWI,True,0,14,10,size,B0BKTGLVFS;B0892N8LG2;B09GT64JCG;B0794VPVBH;B00F4O2QC2;B010O2S2JO;B082N4XNWS;B079JGHJN3;B079JJXSSN;B00MRQWSWI,True,0,14,10,budget,B0BKTGLVFS;B0892N8LG2;B0794VPVBH;B09GT64JCG;B00F4O2QC2;B082N4XNWS;B010O2S2JO;B079JGHJN3;B079JJXSSN;B00MRQWSWI,True,0,14,10,brand,B0BKTGLVFS;B0892N8LG2;B0794VPVBH;B09GT64JCG;B00F4O2QC2;B082N4XNWS;B010O2S2JO;B079JGHJN3;B079JJXSSN;B00MRQWSWI,True,0,14,10,,B0BKTGLVFS;B0892N8LG2;B0794VPVBH;B09GT64JCG;B00F4O2QC2;B082N4XNWS;B010O2S2JO;B079JGHJN3;B079JJXSSN;B00MRQWSWI,True,0,14,10,,B0BKTGLVFS;B0892N8LG2;B0794VPVBH;B09GT64JCG;B00F4O2QC2;B010O2S2JO;B082N4XNWS;B079JGHJN3;B079JJXSSN;B00MRQWSWI,True,0,14,10,,B0BKTGLVFS;B0892N8LG2;B0794VPVBH;B09GT64JCG;B00F4O2QC2;B010O2S2JO;B082N4XNWS;B079JGHJN3;B079JJXSSN;B00MRQWSWI,True,0,14,10,,B0BKTGLVFS;B0892N8LG2;B0794VPVBH;B09GT64JCG;B00F4O2QC2;B010O2S2JO;B082N4XNWS;B079JGHJN3;B079JJXSSN;B00MRQWSWI,True,0,14,10,,B0BKTGLVFS;B0892N8LG2;B0794VPVBH;B09GT64JCG;B00F4O2QC2;B010O2S2JO;B082N4XNWS;B079JGHJN3;B079JJXSSN;B00MRQWSWI,True,0,True,2,4,False,14,False,False
public_0175,browsing,B07D5M61T2,127,10,feature,B0B6GPVV1H;B005DIHK70;B084JRQK34;B00O19RE4Q;B00AFVQ6CA;B0721DQKRL;B005RD7GIO;B0159UISM2;B00JWMXOZK;B07117K4TG,True,0,26,10,other,B07TM8B1XV;B07D6PSKH7;B07D5M61T2;B09TSLQ3B5;B077R6X3BT;B07BDQ4JVD;B077BCY84G;B08KTSGCTT;B09N6S5VY6;B01LMZ9GCO,True,0,9,9,,B07D5M61T2;B09TSLQ3B5;B01LMZ9GCO;B01LMZ9JQC;B01KGE19W2;B0788BN8FD;B07MP1PC6N;B074JMBV4Q;B074JMTF2Z,True,0,9,9,,B07D5M61T2;B09TSLQ3B5;B01LMZ9GCO;B01LMZ9JQC;B01KGE19W2;B0788BN8FD;B07MP1PC6N;B074JMBV4Q;B074JMTF2Z,True,0,9,9,,B07D5M61T2;B09TSLQ3B5;B01LMZ9GCO;B01LMZ9JQC;B01KGE19W2;B0788BN8FD;B07MP1PC6N;B074JMBV4Q;B074JMTF2Z,True,0,9,9,,B07D5M61T2;B09TSLQ3B5;B01LMZ9GCO;B01LMZ9JQC;B01KGE19W2;B0788BN8FD;B07MP1PC6N;B074JMBV4Q;B074JMTF2Z,True,0,9,9,,B07D5M61T2;B09TSLQ3B5;B01LMZ9GCO;B01LMZ9JQC;B01KGE19W2;B0788BN8FD;B07MP1PC6N;B074JMBV4Q;B074JMTF2Z,True,0,9,9,,B07D5M61T2;B09TSLQ3B5;B01LMZ9GCO;B01LMZ9JQC;B01KGE19W2;B0788BN8FD;B07MP1PC6N;B074JMBV4Q;B074JMTF2Z,True,0,9,9,,B07D5M61T2;B09TSLQ3B5;B01LMZ9GCO;B01LMZ9JQC;B01KGE19W2;B0788BN8FD;B07MP1PC6N;B074JMBV4Q;B074JMTF2Z,True,0,9,9,,B07D5M61T2;B09TSLQ3B5;B01LMZ9GCO;B01LMZ9JQC;B01KGE19W2;B0788BN8FD;B07MP1PC6N;B074JMBV4Q;B074JMTF2Z,True,0,True,2,3,False,9,False,True
public_0176,browsing,B0C3MKNZJN,26,10,other,B07L5NL8KJ;B0C3MKNZJN;B000XJOFZ4;B0BQV38Y16;B0B56SVFRZ;B07KTQ23KX;B00JQL1RV0;B07M8S862J;B07BXFGLRW;B005LXUUXI,True,0,1,1,,B0C3MKNZJN,True,0,1,1,,B0C3MKNZJN,True,0,1,1,,B0C3MKNZJN,True,0,1,1,,B0C3MKNZJN,True,0,1,1,,B0C3MKNZJN,True,0,1,1,,B0C3MKNZJN,True,0,1,1,,B0C3MKNZJN,True,0,1,1,,B0C3MKNZJN,True,0,1,1,,B0C3MKNZJN,True,0,True,1,2,False,1,False,True
public_0177,intent_override,B07HV9WW6Q,24,10,other,B07CSBW5GN;B09DPK11RM;B09B7RWFLD;B07KPVC75Z;B07BDL1HLD;B07GFHM48L;B07N68HF2L;B07HMGT45G;B0725KZHV2;B07W22CK5Q,True,0,1,1,,B07HV9WW6Q,True,0,1,1,,B07HV9WW6Q,True,0,39,10,material,B099ZD2WFG;B01M4LKWKR;B09JRPXY64;B010MHPI9I;B083YSGS29;B07QQVGHGP;B07D7TSSWN;B07QS3H343;B097CRPR5Q;B08FZZDMM6,True,1,39,10,feature,B099ZD2WFG;B01M4LKWKR;B09JRPXY64;B010MHPI9I;B083YSGS29;B07QQVGHGP;B07D7TSSWN;B07QS3H343;B097CRPR5Q;B08FZZDMM6,True,1,4,4,,B07QQVGHGP;B07HV9WW6Q;B095P4535J;B07HJBJT32,True,1,4,4,,B07QQVGHGP;B07HV9WW6Q;B095P4535J;B07HJBJT32,True,1,4,4,,B07QQVGHGP;B07HV9WW6Q;B095P4535J;B07HJBJT32,True,1,4,4,,B07QQVGHGP;B07HV9WW6Q;B095P4535J;B07HJBJT32,True,1,4,4,,B07QQVGHGP;B07HV9WW6Q;B095P4535J;B07HJBJT32,True,1,True,6,2,False,4,False,True
public_0178,buying,B01FWQ8NH8,1069,10,other,B0921CQN89;B0921L87BL;B09825GQC3;B00IDETSIU;B0997SY8BP;B08CQ8GSXW;B079QPDNL2;B07HSX1T5M;B0997XN9TK;B01A8ZNKIU,True,0,18,10,size,B0BDN11J5P;B01FWQ8NH8;B014WC0Y34;B06XS8JL7T;B07P7HZ7P4;B002AH3EXQ;B0B6DFXV4C;B09C8PQNR9;B009JST33O;B07BYWL7DN,True,0,18,10,budget,B0BDN11J5P;B01FWQ8NH8;B014WC0Y34;B06XS8JL7T;B07P7HZ7P4;B002AH3EXQ;B0B6DFXV4C;B09C8PQNR9;B009JST33O;B07BYWL7DN,True,0,18,10,brand,B0BDN11J5P;B014WC0Y34;B01FWQ8NH8;B06XS8JL7T;B07P7HZ7P4;B002AH3EXQ;B0B6DFXV4C;B09C8PQNR9;B009JST33O;B07BYWL7DN,True,0,18,10,color,B0BDN11J5P;B014WC0Y34;B01FWQ8NH8;B06XS8JL7T;B07P7HZ7P4;B002AH3EXQ;B0B6DFXV4C;B09C8PQNR9;B009JST33O;B07BYWL7DN,True,0,18,10,,B0BDN11J5P;B014WC0Y34;B01FWQ8NH8;B06XS8JL7T;B07P7HZ7P4;B002AH3EXQ;B0B6DFXV4C;B09C8PQNR9;B009JST33O;B07BYWL7DN,True,0,18,10,,B0BDN11J5P;B014WC0Y34;B06XS8JL7T;B01FWQ8NH8;B07P7HZ7P4;B002AH3EXQ;B0B6DFXV4C;B09C8PQNR9;B009JST33O;B07BYWL7DN,True,0,18,10,,B0BDN11J5P;B014WC0Y34;B06XS8JL7T;B01FWQ8NH8;B07P7HZ7P4;B002AH3EXQ;B0B6DFXV4C;B09C8PQNR9;B009JST33O;B07BYWL7DN,True,0,18,10,,B0BDN11J5P;B014WC0Y34;B06XS8JL7T;B01FWQ8NH8;B07P7HZ7P4;B002AH3EXQ;B0B6DFXV4C;B09C8PQNR9;B009JST33O;B07BYWL7DN,True,0,18,10,,B0BDN11J5P;B014WC0Y34;B06XS8JL7T;B01FWQ8NH8;B07P7HZ7P4;B002AH3EXQ;B0B6DFXV4C;B09C8PQNR9;B009JST33O;B07BYWL7DN,True,0,True,2,2,False,18,False,False
public_0179,buying,B08JK818ZD,222,10,other,B07R8T13VC;B09V5CMRQX;B0B4VPZRRR;B08JK818ZD;B09Y8VHYD6;B095XX57RS;B076SC6NV7;B01N0XI8NO;B076FKSRLH;B07B5YMKW3,True,0,1,1,,B08JK818ZD,True,0,1,1,,B08JK818ZD,True,0,1,1,,B08JK818ZD,True,0,1,1,,B08JK818ZD,True,0,1,1,,B08JK818ZD,True,0,1,1,,B08JK818ZD,True,0,1,1,,B08JK818ZD,True,0,1,1,,B08JK818ZD,True,0,1,1,,B08JK818ZD,True,0,True,1,4,False,1,False,True
public_0180,boundary,B01HSMYV8E,1017,10,other,B0BBNKKMLS;B089PQRJBD;B07GJHQCJD;B01IPZ3YNQ;B00DFFD70C;B0B136Z5FN;B00E420OEW;B088PWMMTV;B095TT95HN;B07B5RGY2N,True,0,1017,10,feature,B089PQRJBD;B0BBNKKMLS;B07GJHQCJD;B0B136Z5FN;B088PWMMTV;B01IPZ3YNQ;B095TT95HN;B00DFFD70C;B07B5RGY2N;B09PC6YHPP,True,0,5,5,,B01HSMYV8E;B00A64F6U4;B00GK61KXY;B009ZDEM66;B01BLYDSFW,True,0,5,5,,B01HSMYV8E;B00A64F6U4;B00GK61KXY;B009ZDEM66;B01BLYDSFW,True,0,5,5,,B01HSMYV8E;B00A64F6U4;B00GK61KXY;B009ZDEM66;B01BLYDSFW,True,0,5,5,,B01HSMYV8E;B00A64F6U4;B00GK61KXY;B009ZDEM66;B01BLYDSFW,True,0,5,5,,B01HSMYV8E;B00A64F6U4;B00GK61KXY;B009ZDEM66;B01BLYDSFW,True,0,5,5,,B01HSMYV8E;B00A64F6U4;B00GK61KXY;B009ZDEM66;B01BLYDSFW,True,0,5,5,,B01HSMYV8E;B00A64F6U4;B00GK61KXY;B009ZDEM66;B01BLYDSFW,True,0,5,5,,B01HSMYV8E;B00A64F6U4;B00GK61KXY;B009ZDEM66;B01BLYDSFW,True,0,True,3,1,False,5,False,True
public_0181,browsing,B08M3WKDFJ,84,10,other,B01G1LH676;B08NTGBDD8;B0C4Q394KD;B09FNYWWWY;B088NGXXFX;B08R62715B;B093KK7BRQ;B0B2CQM9XP;B0C817FYQN;B08KXRB15C,True,0,1,1,,B08M3WKDFJ,True,0,1,1,,B08M3WKDFJ,True,0,1,1,,B08M3WKDFJ,True,0,1,1,,B08M3WKDFJ,True,0,1,1,,B08M3WKDFJ,True,0,1,1,,B08M3WKDFJ,True,0,1,1,,B08M3WKDFJ,True,0,1,1,,B08M3WKDFJ,True,0,1,1,,B08M3WKDFJ,True,0,True,2,1,False,1,False,True
public_0182,browsing,B0C5XBLB2P,32,10,feature,B0896RNCZK;B097KZ8ZCB;B00VSX6J2G;B01AAH27US;B0796NHFF2;B01I6XSMFC;B00UJNRGD2;B00BRSVXFK;B01N6B3A67;B003MZ0PFK,True,0,1,1,,B0C5XBLB2P,True,0,1,1,,B0C5XBLB2P,True,0,1,1,,B0C5XBLB2P,True,0,1,1,,B0C5XBLB2P,True,0,1,1,,B0C5XBLB2P,True,0,1,1,,B0C5XBLB2P,True,0,1,1,,B0C5XBLB2P,True,0,1,1,,B0C5XBLB2P,True,0,1,1,,B0C5XBLB2P,True,0,True,2,1,False,1,False,True
public_0183,intent_override,B07Z2KSZR3,8,8,,B08LLBZM94;B08L8JF923;B07KGMVKL4;B07Z2KSZR3;B00DJ1XQ26;B07DQN9FDR;B0721X787V;B07X7MWWQ7,True,0,8,8,,B08LLBZM94;B08L8JF923;B07KGMVKL4;B07Z2KSZR3;B00DJ1XQ26;B07DQN9FDR;B0721X787V;B07X7MWWQ7,True,0,8,8,,B08LLBZM94;B08L8JF923;B07KGMVKL4;B07Z2KSZR3;B00DJ1XQ26;B07DQN9FDR;B0721X787V;B07X7MWWQ7,True,0,33,10,other,B09G6LDJXM;B00K0TZFR4;B09KCGL2XJ;B0058YYAT0;B07Z2KSZR3;B00GWM5HHG;B0741RZYMP;B0B1DRXCCK;B01DIZM72M;B07R7FFSJH,True,1,2,2,,B07Z2KSZR3;B08GPJZCQX,True,1,2,2,,B07Z2KSZR3;B08GPJZCQX,True,1,2,2,,B07Z2KSZR3;B08GPJZCQX,True,1,2,2,,B07Z2KSZR3;B08GPJZCQX,True,1,2,2,,B07Z2KSZR3;B08GPJZCQX,True,1,2,2,,B07Z2KSZR3;B08GPJZCQX,True,1,True,4,5,False,2,False,True
public_0184,browsing,B0BWLFCTTF,522,10,other,B0BJ1NJM7Y;B077N7MSWV;B0025XZ4G0;B07DQMZ3GS;B08WB2KQWK;B06XD43C62;B001MTEDBU;B01GVU2PV4;B08CBKHMJ2;B00JPHJWEE,True,0,6,6,,B0BWLFCTTF;B004KDXE1A;B01NCQWMNU;B085FQPRF7;B07H7215PV;B0072Z50VA,True,0,6,6,,B0BWLFCTTF;B004KDXE1A;B01NCQWMNU;B085FQPRF7;B07H7215PV;B0072Z50VA,True,0,6,6,,B0BWLFCTTF;B01NCQWMNU;B004KDXE1A;B085FQPRF7;B07H7215PV;B0072Z50VA,True,0,6,6,,B0BWLFCTTF;B01NCQWMNU;B004KDXE1A;B085FQPRF7;B07H7215PV;B0072Z50VA,True,0,6,6,,B0BWLFCTTF;B01NCQWMNU;B004KDXE1A;B085FQPRF7;B07H7215PV;B0072Z50VA,True,0,6,6,,B0BWLFCTTF;B004KDXE1A;B01NCQWMNU;B085FQPRF7;B07H7215PV;B0072Z50VA,True,0,6,6,,B0BWLFCTTF;B004KDXE1A;B01NCQWMNU;B085FQPRF7;B07H7215PV;B0072Z50VA,True,0,6,6,,B0BWLFCTTF;B004KDXE1A;B01NCQWMNU;B085FQPRF7;B07H7215PV;B0072Z50VA,True,0,6,6,,B0BWLFCTTF;B004KDXE1A;B01NCQWMNU;B085FQPRF7;B07H7215PV;B0072Z50VA,True,0,True,2,1,False,6,False,True
public_0185,buying,B0BCW4QKV5,14,10,other,B00VSKWQLM;B005H4YCDA;B00FZR0YZE;B0176YUJ1M;B09ZDZ3ZZJ;B0725R1DTR;B07L8RC2B8;B005GVBU2K;B0BCW4QKV5;B00R56FD7W,True,0,1,1,,B0BCW4QKV5,True,0,1,1,,B0BCW4QKV5,True,0,1,1,,B0BCW4QKV5,True,0,1,1,,B0BCW4QKV5,True,0,1,1,,B0BCW4QKV5,True,0,1,1,,B0BCW4QKV5,True,0,1,1,,B0BCW4QKV5,True,0,1,1,,B0BCW4QKV5,True,0,1,1,,B0BCW4QKV5,True,0,True,1,9,False,1,False,True
public_0186,intent_override,B07XPLHXC1,1,1,,B07XPLHXC1,True,0,1,1,,B07XPLHXC1,True,0,109,10,other,B00KUE239M;B07LBWJ337;B00FJC11ZM;B00ETI2IQS;B00H3IV37Q;B0058XRN1S;B00H3J8ZGW;B00GX1NAHU;B096BH37XZ;B00HHZ4CFK,True,1,1,1,,B07XPLHXC1,True,1,1,1,,B07XPLHXC1,True,1,1,1,,B07XPLHXC1,True,1,1,1,,B07XPLHXC1,True,1,1,1,,B07XPLHXC1,True,1,1,1,,B07XPLHXC1,True,1,1,1,,B07XPLHXC1,True,1,True,4,1,False,1,False,True
public_0187,boundary,B000GQ1F3O,665,10,feature,B00IMOFW04;B087S13L3Q;B09VRSZ81X;B09GF1RWH5;B09NPHF9M6;B0BBQS1N1S;B07YGRMJRR;B07D2WHSKQ;B09B9ST61H;B087ZN32SR,True,0,665,10,other,B00IMOFW04;B087S13L3Q;B09VRSZ81X;B09GF1RWH5;B09NPHF9M6;B0BBQS1N1S;B07YGRMJRR;B07D2WHSKQ;B09B9ST61H;B00LLNKFDW,True,0,211,10,material,B073HKWP35;B016ZLC9IS;B00RM0NK0I;B00ED7SSLE;B008MNA7PU;B014BSE3NQ;B001VNCR60;B00LVTONZM;B01C645YWQ;B004D3C8D2,True,0,1,1,,B000GQ1F3O,True,0,1,1,,B000GQ1F3O,True,0,1,1,,B000GQ1F3O,True,0,1,1,,B000GQ1F3O,True,0,1,1,,B000GQ1F3O,True,0,1,1,,B000GQ1F3O,True,0,1,1,,B000GQ1F3O,True,0,True,4,1,False,1,False,True
public_0188,buying,B0B5ZS2J2W,147,10,other,B01ETGZ438;B07YJNJYK6;B084RWDBVW;B07C271N4W;B0B4F8N7SW;B09GXCZQLV;B0CB5JRVD8;B07Q8VPHJJ;B08F7FWVYD;B0B4F9HBJX,True,0,1,1,,B0B5ZS2J2W,True,0,1,1,,B0B5ZS2J2W,True,0,1,1,,B0B5ZS2J2W,True,0,1,1,,B0B5ZS2J2W,True,0,1,1,,B0B5ZS2J2W,True,0,1,1,,B0B5ZS2J2W,True,0,1,1,,B0B5ZS2J2W,True,0,1,1,,B0B5ZS2J2W,True,0,1,1,,B0B5ZS2J2W,True,0,True,2,1,False,1,False,True
public_0189,buying,B0C614ZPK3,27,10,other,B0C614ZPK3;B09CBWV8MZ;B01N5H0LA0;B06ZZMDH2R;B08DJXX7FD;B08429V9RQ;B07613FW3G;B07CMP685Y;B091G1SZQF;B09LMZ11N1,True,0,1,1,,B0C614ZPK3,True,0,1,1,,B0C614ZPK3,True,0,1,1,,B0C614ZPK3,True,0,1,1,,B0C614ZPK3,True,0,1,1,,B0C614ZPK3,True,0,1,1,,B0C614ZPK3,True,0,1,1,,B0C614ZPK3,True,0,1,1,,B0C614ZPK3,True,0,1,1,,B0C614ZPK3,True,0,True,1,1,False,1,False,True
public_0190,buying,B01MQUDPPO,14,10,other,B07QMS8TX8;B01MQUDPPO;B01FON9H5G;B07MR3H7H1;B00UYE32DO;B01CFX0G3K;B0082153QU;B078XJN2ZS;B01GGH20BC;B08GR3VKSN,True,0,1,1,,B01MQUDPPO,True,0,1,1,,B01MQUDPPO,True,0,1,1,,B01MQUDPPO,True,0,1,1,,B01MQUDPPO,True,0,1,1,,B01MQUDPPO,True,0,1,1,,B01MQUDPPO,True,0,1,1,,B01MQUDPPO,True,0,1,1,,B01MQUDPPO,True,0,1,1,,B01MQUDPPO,True,0,True,1,2,False,1,False,True
public_0191,browsing,B083TB1NDK,26,10,other,B083TB1NDK;B07HB9KXBM;B0728BNL9N;B07YV1PG6L;B095FV598G;B0091528P0;B09LRZG31J;B07F7Q5861;B00ZU5NPWA;B006R7MKDU,True,0,1,1,,B083TB1NDK,True,0,1,1,,B083TB1NDK,True,0,1,1,,B083TB1NDK,True,0,1,1,,B083TB1NDK,True,0,1,1,,B083TB1NDK,True,0,1,1,,B083TB1NDK,True,0,1,1,,B083TB1NDK,True,0,1,1,,B083TB1NDK,True,0,1,1,,B083TB1NDK,True,0,True,1,1,False,1,False,True
public_0192,boundary,B0C62MF2HV,132,10,other,B08QVDY13N;B07FK8DK1N;B09FD4QDB3;B07RC122XL;B0C596XFV5;B098D763TL;B08411VM8S;B006I0185M;B08CZ8BRZ3;B088KLHRHW,True,0,132,10,feature,B08QVDY13N;B07FK8DK1N;B09FD4QDB3;B0C596XFV5;B07RC122XL;B098D763TL;B08CZ8BRZ3;B088KLHRHW;B08411VM8S;B006I0185M,True,0,1,1,,B0C62MF2HV,True,0,1,1,,B0C62MF2HV,True,0,1,1,,B0C62MF2HV,True,0,1,1,,B0C62MF2HV,True,0,1,1,,B0C62MF2HV,True,0,1,1,,B0C62MF2HV,True,0,1,1,,B0C62MF2HV,True,0,1,1,,B0C62MF2HV,True,0,True,3,1,False,1,False,True
public_0193,buying,B07YM55NLW,34,10,other,B07YM55NLW;B081SB5C7V;B00FTBA2NU;B01IZXYCRU;B00BMP9W10;B07GWQW6V9;B01M1OWKUC;B08D8VV979;B07GW33SR5;B01DYXO91U,True,0,1,1,,B07YM55NLW,True,0,1,1,,B07YM55NLW,True,0,1,1,,B07YM55NLW,True,0,1,1,,B07YM55NLW,True,0,1,1,,B07YM55NLW,True,0,1,1,,B07YM55NLW,True,0,1,1,,B07YM55NLW,True,0,1,1,,B07YM55NLW,True,0,1,1,,B07YM55NLW,True,0,True,1,1,False,1,False,True
public_0194,buying,B09WR1NZ48,93,10,other,B079P9RGSD;B01DV4Q0LE;B07SXDGQM1;B00FEP9LQU;B00VASA68M;B016PBI67G;B0773D2VGZ;B004LWZNG4;B09TKSBP9Y;B0711R2FZJ,True,0,8,8,,B01GR9L2FY;B075D8GRHT;B07MVR31QJ;B09WR1NZ48;B01CZ2KY7Y;B07SN26M1D;B07CT52HY2;B07SKMNYGK,True,0,8,8,,B01GR9L2FY;B075D8GRHT;B07MVR31QJ;B09WR1NZ48;B01CZ2KY7Y;B07SN26M1D;B07CT52HY2;B07SKMNYGK,True,0,8,8,,B01GR9L2FY;B075D8GRHT;B07MVR31QJ;B09WR1NZ48;B01CZ2KY7Y;B07SN26M1D;B07CT52HY2;B07SKMNYGK,True,0,8,8,,B01GR9L2FY;B075D8GRHT;B07MVR31QJ;B09WR1NZ48;B01CZ2KY7Y;B07SN26M1D;B07CT52HY2;B07SKMNYGK,True,0,8,8,,B01GR9L2FY;B075D8GRHT;B07MVR31QJ;B09WR1NZ48;B01CZ2KY7Y;B07SN26M1D;B07CT52HY2;B07SKMNYGK,True,0,8,8,,B075D8GRHT;B07MVR31QJ;B01GR9L2FY;B09WR1NZ48;B01CZ2KY7Y;B07SN26M1D;B07CT52HY2;B07SKMNYGK,True,0,8,8,,B075D8GRHT;B07MVR31QJ;B01GR9L2FY;B09WR1NZ48;B01CZ2KY7Y;B07SN26M1D;B07CT52HY2;B07SKMNYGK,True,0,8,8,,B075D8GRHT;B07MVR31QJ;B01GR9L2FY;B09WR1NZ48;B01CZ2KY7Y;B07SN26M1D;B07CT52HY2;B07SKMNYGK,True,0,8,8,,B075D8GRHT;B07MVR31QJ;B01GR9L2FY;B09WR1NZ48;B01CZ2KY7Y;B07SN26M1D;B07CT52HY2;B07SKMNYGK,True,0,True,2,4,False,8,False,True
public_0195,browsing,B072M4K5LF,681,10,other,B08531LS4S;B09NBF122K;B085PQW3YC;B089N2V62P;B09DS4GVMP;B07HT7T2R2;B0C9QZMCG7;B09H2ZC1DJ;B09BC47GCL;B0BB6W7X3D,True,0,14,10,feature,B072M4K5LF;B074PJ6LKS;B01LDZSY8K;B00KH7GUWS;B07YZQ4197;B07MT7G75W;B0823FSXN2;B01GYJJD7G;B016OXCUYU;B07R8HT16F,True,0,6,6,,B072M4K5LF;B074PJ6LKS;B07YZQ4197;B0823FSXN2;B07R8HT16F;B016OXCUYU,True,0,6,6,,B072M4K5LF;B074PJ6LKS;B07YZQ4197;B0823FSXN2;B07R8HT16F;B016OXCUYU,True,0,6,6,,B072M4K5LF;B074PJ6LKS;B07YZQ4197;B0823FSXN2;B07R8HT16F;B016OXCUYU,True,0,6,6,,B072M4K5LF;B074PJ6LKS;B07YZQ4197;B0823FSXN2;B07R8HT16F;B016OXCUYU,True,0,6,6,,B072M4K5LF;B074PJ6LKS;B07YZQ4197;B0823FSXN2;B07R8HT16F;B016OXCUYU,True,0,6,6,,B072M4K5LF;B074PJ6LKS;B07YZQ4197;B0823FSXN2;B07R8HT16F;B016OXCUYU,True,0,6,6,,B072M4K5LF;B074PJ6LKS;B07YZQ4197;B0823FSXN2;B07R8HT16F;B016OXCUYU,True,0,6,6,,B072M4K5LF;B074PJ6LKS;B07YZQ4197;B0823FSXN2;B07R8HT16F;B016OXCUYU,True,0,True,2,1,False,6,False,True
public_0196,browsing,B073T364MM,605,10,other,B07L6K3JN2;B07L6RZ6V4;B07DGK57YG;B0C63HR4JQ;B07HMGBWCS;B09RQVM4KV;B01C4YG56M;B09BZN9K6H;B08R58NTVY;B096KRMSQY,True,0,1,1,,B073T364MM,True,0,1,1,,B073T364MM,True,0,1,1,,B073T364MM,True,0,1,1,,B073T364MM,True,0,1,1,,B073T364MM,True,0,1,1,,B073T364MM,True,0,1,1,,B073T364MM,True,0,1,1,,B073T364MM,True,0,1,1,,B073T364MM,True,0,True,2,1,False,1,False,True
public_0197,intent_override,B07FDNP55K,1,1,,B07FDNP55K,True,0,1,1,,B07FDNP55K,True,0,1,1,,B07FDNP55K,True,0,1,1,,B07FDNP55K,True,1,1,1,,B07FDNP55K,True,1,1,1,,B07FDNP55K,True,1,1,1,,B07FDNP55K,True,1,1,1,,B07FDNP55K,True,1,1,1,,B07FDNP55K,True,1,1,1,,B07FDNP55K,True,1,True,4,1,False,1,False,True
public_0198,intent_override,B08K1ZJZ4N,120,10,other,B013HUP108;B01C6SL1D8;B00R3FYHFO;B00R99BHK2;B00IONC3VY;B07GT3W8MN;B00CMEQ092;B09YCZSKRY;B00PDHRUOY;B012B219X6,True,0,7,7,,B0BZRCYNCG;B08K1ZJZ4N;B09RJ3JG7M;B08ZXTQC8P;B00JE8CXRM;B018FSPJZE;B08F9XDQ9F,True,0,7,7,,B0BZRCYNCG;B08K1ZJZ4N;B09RJ3JG7M;B08ZXTQC8P;B00JE8CXRM;B018FSPJZE;B08F9XDQ9F,True,0,147,10,material,B07YJNJYK6;B01ETGZ438;B084RWDBVW;B09GXCZQLV;B08XXBRXHG;B07C271N4W;B08GS4F1QY;B0B4F8N7SW;B08F7FWVYD;B07Q8VPHJJ,True,1,147,10,feature,B07YJNJYK6;B01ETGZ438;B084RWDBVW;B09GXCZQLV;B08XXBRXHG;B07C271N4W;B08GS4F1QY;B0B4F8N7SW;B08F7FWVYD;B07Q8VPHJJ,True,1,2,2,,B08K1ZJZ4N;B06Y16JRPV,True,1,2,2,,B08K1ZJZ4N;B06Y16JRPV,True,1,2,2,,B08K1ZJZ4N;B06Y16JRPV,True,1,2,2,,B08K1ZJZ4N;B06Y16JRPV,True,1,2,2,,B08K1ZJZ4N;B06Y16JRPV,True,1,True,6,1,False,2,False,True
public_0199,buying,B089M57PSQ,35,10,other,B07GCM9ZQJ;B088QF5G58;B0846KWKVB;B000KBEUNC;B00B81I65G;B06XQL9ZZ7;B019PSW6OK;B08SNNT9YT;B07VLFBWGL;B07C86XMMR,True,0,6,6,,B089M57PSQ;B00DZJ3FUU;B009NPJ02M;B07HBJG7QJ;B00HQY4ZT0;B0743JZ639,True,0,6,6,,B089M57PSQ;B00DZJ3FUU;B009NPJ02M;B07HBJG7QJ;B00HQY4ZT0;B0743JZ639,True,0,6,6,,B089M57PSQ;B009NPJ02M;B00DZJ3FUU;B0743JZ639;B07HBJG7QJ;B00HQY4ZT0,True,0,6,6,,B089M57PSQ;B009NPJ02M;B00DZJ3FUU;B0743JZ639;B07HBJG7QJ;B00HQY4ZT0,True,0,6,6,,B089M57PSQ;B009NPJ02M;B00DZJ3FUU;B0743JZ639;B07HBJG7QJ;B00HQY4ZT0,True,0,6,6,,B089M57PSQ;B00DZJ3FUU;B009NPJ02M;B07HBJG7QJ;B0743JZ639;B00HQY4ZT0,True,0,6,6,,B089M57PSQ;B00DZJ3FUU;B009NPJ02M;B07HBJG7QJ;B0743JZ639;B00HQY4ZT0,True,0,6,6,,B089M57PSQ;B00DZJ3FUU;B009NPJ02M;B07HBJG7QJ;B0743JZ639;B00HQY4ZT0,True,0,6,6,,B089M57PSQ;B00DZJ3FUU;B009NPJ02M;B07HBJG7QJ;B0743JZ639;B00HQY4ZT0,True,0,True,2,1,False,6,False,True
public_0200,buying,B07VFZ2FC2,1,1,,B07VFZ2FC2,True,0,1,1,,B07VFZ2FC2,True,0,1,1,,B07VFZ2FC2,True,0,1,1,,B07VFZ2FC2,True,0,1,1,,B07VFZ2FC2,True,0,1,1,,B07VFZ2FC2,True,0,1,1,,B07VFZ2FC2,True,0,1,1,,B07VFZ2FC2,True,0,1,1,,B07VFZ2FC2,True,0,1,1,,B07VFZ2FC2,True,0,True,1,1,False,1,False,True
